   clBlas, 1, 4,-cl-std=CL1.2,256,0.02633
myGEMM.cl, 1, 4,-cl-std=CL1.2,256,0.05229
   clBlas, 1, 4,-cl-std=CL1.2,768,0.12513
myGEMM.cl, 1, 4,-cl-std=CL1.2,768,1.38875
   clBlas, 1, 4,-cl-std=CL1.2,1280,0.19513
myGEMM.cl, 1, 4,-cl-std=CL1.2,1280,6.54682
   clBlas, 1, 4,-cl-std=CL1.2,1792,0.19408
myGEMM.cl, 1, 4,-cl-std=CL1.2,1792,18.21588
   clBlas, 1, 8,-cl-std=CL1.2,256,0.02670
myGEMM.cl, 1, 8,-cl-std=CL1.2,256,0.05009
   clBlas, 1, 8,-cl-std=CL1.2,768,0.12712
myGEMM.cl, 1, 8,-cl-std=CL1.2,768,1.32823
   clBlas, 1, 8,-cl-std=CL1.2,1280,0.19764
myGEMM.cl, 1, 8,-cl-std=CL1.2,1280,6.24689
   clBlas, 1, 8,-cl-std=CL1.2,1792,0.19430
myGEMM.cl, 1, 8,-cl-std=CL1.2,1792,17.32188
   clBlas, 1,16,-cl-std=CL1.2,256,0.02641
myGEMM.cl, 1,16,-cl-std=CL1.2,256,0.05024
   clBlas, 1,16,-cl-std=CL1.2,768,0.12500
myGEMM.cl, 1,16,-cl-std=CL1.2,768,1.39050
   clBlas, 1,16,-cl-std=CL1.2,1280,0.19570
myGEMM.cl, 1,16,-cl-std=CL1.2,1280,6.46849
   clBlas, 1,16,-cl-std=CL1.2,1792,0.19506
myGEMM.cl, 1,16,-cl-std=CL1.2,1792,18.00858
   clBlas, 2, 4,-cl-std=CL1.2,256,0.02661
myGEMM.cl, 2, 4,-cl-std=CL1.2,256,0.02483
   clBlas, 2, 4,-cl-std=CL1.2,768,0.12496
myGEMM.cl, 2, 4,-cl-std=CL1.2,768,0.73215
   clBlas, 2, 4,-cl-std=CL1.2,1280,0.19946
myGEMM.cl, 2, 4,-cl-std=CL1.2,1280,3.71351
   clBlas, 2, 4,-cl-std=CL1.2,1792,0.20143
myGEMM.cl, 2, 4,-cl-std=CL1.2,1792,10.71028
   clBlas, 2, 8,-cl-std=CL1.2,256,0.02628
myGEMM.cl, 2, 8,-cl-std=CL1.2,256,0.03024
   clBlas, 2, 8,-cl-std=CL1.2,768,0.12348
myGEMM.cl, 2, 8,-cl-std=CL1.2,768,0.77098
   clBlas, 2, 8,-cl-std=CL1.2,1280,0.19451
myGEMM.cl, 2, 8,-cl-std=CL1.2,1280,3.59105
   clBlas, 2, 8,-cl-std=CL1.2,1792,0.19471
myGEMM.cl, 2, 8,-cl-std=CL1.2,1792,9.77725
   clBlas, 2,16,-cl-std=CL1.2,256,0.02624
myGEMM.cl, 2,16,-cl-std=CL1.2,256,0.01874
   clBlas, 2,16,-cl-std=CL1.2,768,0.13584
myGEMM.cl, 2,16,-cl-std=CL1.2,768,0.46854
   clBlas, 2,16,-cl-std=CL1.2,1280,0.19932
myGEMM.cl, 2,16,-cl-std=CL1.2,1280,2.17865
   clBlas, 2,16,-cl-std=CL1.2,1792,0.19818
myGEMM.cl, 2,16,-cl-std=CL1.2,1792,6.01195
   clBlas, 1, 4,-cl-std=CL1.2 -cl-fast-relaxed-math,256,0.02640
myGEMM.cl, 1, 4,-cl-std=CL1.2 -cl-fast-relaxed-math,256,0.05298
   clBlas, 1, 4,-cl-std=CL1.2 -cl-fast-relaxed-math,768,0.12497
myGEMM.cl, 1, 4,-cl-std=CL1.2 -cl-fast-relaxed-math,768,1.38358
   clBlas, 1, 4,-cl-std=CL1.2 -cl-fast-relaxed-math,1280,0.19435
myGEMM.cl, 1, 4,-cl-std=CL1.2 -cl-fast-relaxed-math,1280,6.53098
   clBlas, 1, 4,-cl-std=CL1.2 -cl-fast-relaxed-math,1792,0.19363
myGEMM.cl, 1, 4,-cl-std=CL1.2 -cl-fast-relaxed-math,1792,18.01827
   clBlas, 1, 8,-cl-std=CL1.2 -cl-fast-relaxed-math,256,0.02623
myGEMM.cl, 1, 8,-cl-std=CL1.2 -cl-fast-relaxed-math,256,0.05010
   clBlas, 1, 8,-cl-std=CL1.2 -cl-fast-relaxed-math,768,0.12657
myGEMM.cl, 1, 8,-cl-std=CL1.2 -cl-fast-relaxed-math,768,1.31945
   clBlas, 1, 8,-cl-std=CL1.2 -cl-fast-relaxed-math,1280,0.19712
myGEMM.cl, 1, 8,-cl-std=CL1.2 -cl-fast-relaxed-math,1280,6.22210
   clBlas, 1, 8,-cl-std=CL1.2 -cl-fast-relaxed-math,1792,0.19753
myGEMM.cl, 1, 8,-cl-std=CL1.2 -cl-fast-relaxed-math,1792,17.37996
   clBlas, 1,16,-cl-std=CL1.2 -cl-fast-relaxed-math,256,0.02639
myGEMM.cl, 1,16,-cl-std=CL1.2 -cl-fast-relaxed-math,256,0.05007
   clBlas, 1,16,-cl-std=CL1.2 -cl-fast-relaxed-math,768,0.12439
myGEMM.cl, 1,16,-cl-std=CL1.2 -cl-fast-relaxed-math,768,1.38653
   clBlas, 1,16,-cl-std=CL1.2 -cl-fast-relaxed-math,1280,0.19342
myGEMM.cl, 1,16,-cl-std=CL1.2 -cl-fast-relaxed-math,1280,6.47753
   clBlas, 1,16,-cl-std=CL1.2 -cl-fast-relaxed-math,1792,0.19574
myGEMM.cl, 1,16,-cl-std=CL1.2 -cl-fast-relaxed-math,1792,18.03700
   clBlas, 2, 4,-cl-std=CL1.2 -cl-fast-relaxed-math,256,0.02630
myGEMM.cl, 2, 4,-cl-std=CL1.2 -cl-fast-relaxed-math,256,0.02504
   clBlas, 2, 4,-cl-std=CL1.2 -cl-fast-relaxed-math,768,0.12827
myGEMM.cl, 2, 4,-cl-std=CL1.2 -cl-fast-relaxed-math,768,0.73300
   clBlas, 2, 4,-cl-std=CL1.2 -cl-fast-relaxed-math,1280,0.19980
myGEMM.cl, 2, 4,-cl-std=CL1.2 -cl-fast-relaxed-math,1280,3.66588
   clBlas, 2, 4,-cl-std=CL1.2 -cl-fast-relaxed-math,1792,0.19827
myGEMM.cl, 2, 4,-cl-std=CL1.2 -cl-fast-relaxed-math,1792,10.64841
   clBlas, 2, 8,-cl-std=CL1.2 -cl-fast-relaxed-math,256,0.02636
myGEMM.cl, 2, 8,-cl-std=CL1.2 -cl-fast-relaxed-math,256,0.03084
   clBlas, 2, 8,-cl-std=CL1.2 -cl-fast-relaxed-math,768,0.12363
myGEMM.cl, 2, 8,-cl-std=CL1.2 -cl-fast-relaxed-math,768,0.77418
   clBlas, 2, 8,-cl-std=CL1.2 -cl-fast-relaxed-math,1280,0.19701
myGEMM.cl, 2, 8,-cl-std=CL1.2 -cl-fast-relaxed-math,1280,3.57182
   clBlas, 2, 8,-cl-std=CL1.2 -cl-fast-relaxed-math,1792,0.19858
myGEMM.cl, 2, 8,-cl-std=CL1.2 -cl-fast-relaxed-math,1792,9.82202
   clBlas, 2,16,-cl-std=CL1.2 -cl-fast-relaxed-math,256,0.02645
myGEMM.cl, 2,16,-cl-std=CL1.2 -cl-fast-relaxed-math,256,0.01869
   clBlas, 2,16,-cl-std=CL1.2 -cl-fast-relaxed-math,768,0.12687
myGEMM.cl, 2,16,-cl-std=CL1.2 -cl-fast-relaxed-math,768,0.46968
   clBlas, 2,16,-cl-std=CL1.2 -cl-fast-relaxed-math,1280,0.19916
myGEMM.cl, 2,16,-cl-std=CL1.2 -cl-fast-relaxed-math,1280,2.14430
   clBlas, 2,16,-cl-std=CL1.2 -cl-fast-relaxed-math,1792,0.20103
myGEMM.cl, 2,16,-cl-std=CL1.2 -cl-fast-relaxed-math,1792,5.90072
   clBlas, 1, 4,-cl-std=CL1.2,256,0.02644
myGEMM.cl, 1, 4,-cl-std=CL1.2,256,0.05114
   clBlas, 1, 4,-cl-std=CL1.2,768,0.12502
myGEMM.cl, 1, 4,-cl-std=CL1.2,768,1.40677
   clBlas, 1, 4,-cl-std=CL1.2,1280,0.19457
myGEMM.cl, 1, 4,-cl-std=CL1.2,1280,6.50831
   clBlas, 1, 4,-cl-std=CL1.2,1792,0.19731
myGEMM.cl, 1, 4,-cl-std=CL1.2,1792,18.43111
   clBlas, 1, 8,-cl-std=CL1.2,256,0.02644
myGEMM.cl, 1, 8,-cl-std=CL1.2,256,0.05171
   clBlas, 1, 8,-cl-std=CL1.2,768,0.12368
myGEMM.cl, 1, 8,-cl-std=CL1.2,768,1.42464
   clBlas, 1, 8,-cl-std=CL1.2,1280,0.19412
myGEMM.cl, 1, 8,-cl-std=CL1.2,1280,6.28609
   clBlas, 1, 8,-cl-std=CL1.2,1792,0.19519
myGEMM.cl, 1, 8,-cl-std=CL1.2,1792,17.79280
   clBlas, 1,16,-cl-std=CL1.2,256,0.02625
myGEMM.cl, 1,16,-cl-std=CL1.2,256,0.05461
   clBlas, 1,16,-cl-std=CL1.2,768,0.12405
myGEMM.cl, 1,16,-cl-std=CL1.2,768,1.46174
   clBlas, 1,16,-cl-std=CL1.2,1280,0.19636
myGEMM.cl, 1,16,-cl-std=CL1.2,1280,6.62461
   clBlas, 1,16,-cl-std=CL1.2,1792,0.19696
myGEMM.cl, 1,16,-cl-std=CL1.2,1792,18.70824
   clBlas, 2, 4,-cl-std=CL1.2,256,0.02670
myGEMM.cl, 2, 4,-cl-std=CL1.2,256,0.02432
   clBlas, 2, 4,-cl-std=CL1.2,768,0.12405
myGEMM.cl, 2, 4,-cl-std=CL1.2,768,0.63226
   clBlas, 2, 4,-cl-std=CL1.2,1280,0.19350
myGEMM.cl, 2, 4,-cl-std=CL1.2,1280,3.01366
   clBlas, 2, 4,-cl-std=CL1.2,1792,0.19619
myGEMM.cl, 2, 4,-cl-std=CL1.2,1792,8.34211
   clBlas, 2, 8,-cl-std=CL1.2,256,0.02639
myGEMM.cl, 2, 8,-cl-std=CL1.2,256,0.02950
   clBlas, 2, 8,-cl-std=CL1.2,768,0.12434
myGEMM.cl, 2, 8,-cl-std=CL1.2,768,0.79978
   clBlas, 2, 8,-cl-std=CL1.2,1280,0.19572
myGEMM.cl, 2, 8,-cl-std=CL1.2,1280,3.69266
   clBlas, 2, 8,-cl-std=CL1.2,1792,0.19333
myGEMM.cl, 2, 8,-cl-std=CL1.2,1792,9.90182
   clBlas, 2,16,-cl-std=CL1.2,256,0.02632
myGEMM.cl, 2,16,-cl-std=CL1.2,256,0.01811
   clBlas, 2,16,-cl-std=CL1.2,768,0.12357
myGEMM.cl, 2,16,-cl-std=CL1.2,768,0.46654
   clBlas, 2,16,-cl-std=CL1.2,1280,0.19569
myGEMM.cl, 2,16,-cl-std=CL1.2,1280,2.18672
   clBlas, 2,16,-cl-std=CL1.2,1792,0.19668
myGEMM.cl, 2,16,-cl-std=CL1.2,1792,5.99128
   clBlas, 1, 4,-cl-std=CL1.2 -cl-fast-relaxed-math,256,0.02635
myGEMM.cl, 1, 4,-cl-std=CL1.2 -cl-fast-relaxed-math,256,0.05101
   clBlas, 1, 4,-cl-std=CL1.2 -cl-fast-relaxed-math,768,0.12403
myGEMM.cl, 1, 4,-cl-std=CL1.2 -cl-fast-relaxed-math,768,1.41865
   clBlas, 1, 4,-cl-std=CL1.2 -cl-fast-relaxed-math,1280,0.19487
myGEMM.cl, 1, 4,-cl-std=CL1.2 -cl-fast-relaxed-math,1280,6.50569
   clBlas, 1, 4,-cl-std=CL1.2 -cl-fast-relaxed-math,1792,0.19613
myGEMM.cl, 1, 4,-cl-std=CL1.2 -cl-fast-relaxed-math,1792,18.53298
   clBlas, 1, 8,-cl-std=CL1.2 -cl-fast-relaxed-math,256,0.02645
myGEMM.cl, 1, 8,-cl-std=CL1.2 -cl-fast-relaxed-math,256,0.05508
   clBlas, 1, 8,-cl-std=CL1.2 -cl-fast-relaxed-math,768,0.12416
myGEMM.cl, 1, 8,-cl-std=CL1.2 -cl-fast-relaxed-math,768,1.39792
   clBlas, 1, 8,-cl-std=CL1.2 -cl-fast-relaxed-math,1280,0.19340
myGEMM.cl, 1, 8,-cl-std=CL1.2 -cl-fast-relaxed-math,1280,6.37238
   clBlas, 1, 8,-cl-std=CL1.2 -cl-fast-relaxed-math,1792,0.19280
myGEMM.cl, 1, 8,-cl-std=CL1.2 -cl-fast-relaxed-math,1792,17.94711
   clBlas, 1,16,-cl-std=CL1.2 -cl-fast-relaxed-math,256,0.02640
myGEMM.cl, 1,16,-cl-std=CL1.2 -cl-fast-relaxed-math,256,0.05613
   clBlas, 1,16,-cl-std=CL1.2 -cl-fast-relaxed-math,768,0.12696
myGEMM.cl, 1,16,-cl-std=CL1.2 -cl-fast-relaxed-math,768,1.46769
   clBlas, 1,16,-cl-std=CL1.2 -cl-fast-relaxed-math,1280,0.19799
myGEMM.cl, 1,16,-cl-std=CL1.2 -cl-fast-relaxed-math,1280,6.43026
   clBlas, 1,16,-cl-std=CL1.2 -cl-fast-relaxed-math,1792,0.19603
myGEMM.cl, 1,16,-cl-std=CL1.2 -cl-fast-relaxed-math,1792,19.34095
   clBlas, 2, 4,-cl-std=CL1.2 -cl-fast-relaxed-math,256,0.02621
myGEMM.cl, 2, 4,-cl-std=CL1.2 -cl-fast-relaxed-math,256,0.03192
   clBlas, 2, 4,-cl-std=CL1.2 -cl-fast-relaxed-math,768,0.12593
myGEMM.cl, 2, 4,-cl-std=CL1.2 -cl-fast-relaxed-math,768,0.82246
   clBlas, 2, 4,-cl-std=CL1.2 -cl-fast-relaxed-math,1280,0.19992
myGEMM.cl, 2, 4,-cl-std=CL1.2 -cl-fast-relaxed-math,1280,3.81333
   clBlas, 2, 4,-cl-std=CL1.2 -cl-fast-relaxed-math,1792,0.20010
myGEMM.cl, 2, 4,-cl-std=CL1.2 -cl-fast-relaxed-math,1792,10.47612
   clBlas, 2, 8,-cl-std=CL1.2 -cl-fast-relaxed-math,256,0.02630
myGEMM.cl, 2, 8,-cl-std=CL1.2 -cl-fast-relaxed-math,256,0.03194
   clBlas, 2, 8,-cl-std=CL1.2 -cl-fast-relaxed-math,768,0.12364
myGEMM.cl, 2, 8,-cl-std=CL1.2 -cl-fast-relaxed-math,768,0.78372
   clBlas, 2, 8,-cl-std=CL1.2 -cl-fast-relaxed-math,1280,0.19169
myGEMM.cl, 2, 8,-cl-std=CL1.2 -cl-fast-relaxed-math,1280,3.66201
   clBlas, 2, 8,-cl-std=CL1.2 -cl-fast-relaxed-math,1792,0.19235
myGEMM.cl, 2, 8,-cl-std=CL1.2 -cl-fast-relaxed-math,1792,9.92709
   clBlas, 2,16,-cl-std=CL1.2 -cl-fast-relaxed-math,256,0.02641
myGEMM.cl, 2,16,-cl-std=CL1.2 -cl-fast-relaxed-math,256,0.01825
   clBlas, 2,16,-cl-std=CL1.2 -cl-fast-relaxed-math,768,0.12346
myGEMM.cl, 2,16,-cl-std=CL1.2 -cl-fast-relaxed-math,768,0.47321
   clBlas, 2,16,-cl-std=CL1.2 -cl-fast-relaxed-math,1280,0.19437
myGEMM.cl, 2,16,-cl-std=CL1.2 -cl-fast-relaxed-math,1280,2.14978
   clBlas, 2,16,-cl-std=CL1.2 -cl-fast-relaxed-math,1792,0.19619
myGEMM.cl, 2,16,-cl-std=CL1.2 -cl-fast-relaxed-math,1792,5.96036
   clBlas, 1, 4,-cl-std=CL1.2,256,0.02625
myGEMM.cl, 1, 4,-cl-std=CL1.2,256,0.05108
   clBlas, 1, 4,-cl-std=CL1.2,768,0.12287
myGEMM.cl, 1, 4,-cl-std=CL1.2,768,1.40881
   clBlas, 1, 4,-cl-std=CL1.2,1280,0.19372
myGEMM.cl, 1, 4,-cl-std=CL1.2,1280,6.57529
   clBlas, 1, 4,-cl-std=CL1.2,1792,0.19439
myGEMM.cl, 1, 4,-cl-std=CL1.2,1792,18.73294
   clBlas, 1, 8,-cl-std=CL1.2,256,0.02643
myGEMM.cl, 1, 8,-cl-std=CL1.2,256,0.05454
   clBlas, 1, 8,-cl-std=CL1.2,768,0.12461
myGEMM.cl, 1, 8,-cl-std=CL1.2,768,1.40817
   clBlas, 1, 8,-cl-std=CL1.2,1280,0.19900
myGEMM.cl, 1, 8,-cl-std=CL1.2,1280,6.30559
   clBlas, 1, 8,-cl-std=CL1.2,1792,0.19395
myGEMM.cl, 1, 8,-cl-std=CL1.2,1792,17.94622
   clBlas, 1,16,-cl-std=CL1.2,256,0.02639
myGEMM.cl, 1,16,-cl-std=CL1.2,256,0.05603
   clBlas, 1,16,-cl-std=CL1.2,768,0.12329
myGEMM.cl, 1,16,-cl-std=CL1.2,768,1.44938
   clBlas, 1,16,-cl-std=CL1.2,1280,0.19432
myGEMM.cl, 1,16,-cl-std=CL1.2,1280,6.51999
   clBlas, 1,16,-cl-std=CL1.2,1792,0.19583
myGEMM.cl, 1,16,-cl-std=CL1.2,1792,18.37637
   clBlas, 2, 4,-cl-std=CL1.2,256,0.02643
myGEMM.cl, 2, 4,-cl-std=CL1.2,256,0.02363
   clBlas, 2, 4,-cl-std=CL1.2,768,0.12339
myGEMM.cl, 2, 4,-cl-std=CL1.2,768,0.63349
   clBlas, 2, 4,-cl-std=CL1.2,1280,0.19430
myGEMM.cl, 2, 4,-cl-std=CL1.2,1280,3.03400
   clBlas, 2, 4,-cl-std=CL1.2,1792,0.19283
myGEMM.cl, 2, 4,-cl-std=CL1.2,1792,8.27837
   clBlas, 2, 8,-cl-std=CL1.2,256,0.02638
myGEMM.cl, 2, 8,-cl-std=CL1.2,256,0.02979
   clBlas, 2, 8,-cl-std=CL1.2,768,0.12552
myGEMM.cl, 2, 8,-cl-std=CL1.2,768,0.82443
   clBlas, 2, 8,-cl-std=CL1.2,1280,0.19671
myGEMM.cl, 2, 8,-cl-std=CL1.2,1280,3.81783
   clBlas, 2, 8,-cl-std=CL1.2,1792,0.19715
myGEMM.cl, 2, 8,-cl-std=CL1.2,1792,9.93712
   clBlas, 2,16,-cl-std=CL1.2,256,0.02612
myGEMM.cl, 2,16,-cl-std=CL1.2,256,0.01895
   clBlas, 2,16,-cl-std=CL1.2,768,0.12648
myGEMM.cl, 2,16,-cl-std=CL1.2,768,0.47338
   clBlas, 2,16,-cl-std=CL1.2,1280,0.19376
myGEMM.cl, 2,16,-cl-std=CL1.2,1280,2.16736
   clBlas, 2,16,-cl-std=CL1.2,1792,0.19426
myGEMM.cl, 2,16,-cl-std=CL1.2,1792,5.97389
   clBlas, 1, 4,-cl-std=CL1.2 -cl-fast-relaxed-math,256,0.02632
myGEMM.cl, 1, 4,-cl-std=CL1.2 -cl-fast-relaxed-math,256,0.05126
   clBlas, 1, 4,-cl-std=CL1.2 -cl-fast-relaxed-math,768,0.12321
myGEMM.cl, 1, 4,-cl-std=CL1.2 -cl-fast-relaxed-math,768,1.40662
   clBlas, 1, 4,-cl-std=CL1.2 -cl-fast-relaxed-math,1280,0.19418
myGEMM.cl, 1, 4,-cl-std=CL1.2 -cl-fast-relaxed-math,1280,6.50925
   clBlas, 1, 4,-cl-std=CL1.2 -cl-fast-relaxed-math,1792,0.19407
myGEMM.cl, 1, 4,-cl-std=CL1.2 -cl-fast-relaxed-math,1792,18.50741
   clBlas, 1, 8,-cl-std=CL1.2 -cl-fast-relaxed-math,256,0.02644
myGEMM.cl, 1, 8,-cl-std=CL1.2 -cl-fast-relaxed-math,256,0.05115
   clBlas, 1, 8,-cl-std=CL1.2 -cl-fast-relaxed-math,768,0.12386
myGEMM.cl, 1, 8,-cl-std=CL1.2 -cl-fast-relaxed-math,768,1.41459
   clBlas, 1, 8,-cl-std=CL1.2 -cl-fast-relaxed-math,1280,0.19276
myGEMM.cl, 1, 8,-cl-std=CL1.2 -cl-fast-relaxed-math,1280,6.25496
   clBlas, 1, 8,-cl-std=CL1.2 -cl-fast-relaxed-math,1792,0.19422
myGEMM.cl, 1, 8,-cl-std=CL1.2 -cl-fast-relaxed-math,1792,18.26812
   clBlas, 1,16,-cl-std=CL1.2 -cl-fast-relaxed-math,256,0.02652
myGEMM.cl, 1,16,-cl-std=CL1.2 -cl-fast-relaxed-math,256,0.05536
   clBlas, 1,16,-cl-std=CL1.2 -cl-fast-relaxed-math,768,0.12448
myGEMM.cl, 1,16,-cl-std=CL1.2 -cl-fast-relaxed-math,768,1.44568
   clBlas, 1,16,-cl-std=CL1.2 -cl-fast-relaxed-math,1280,0.19231
myGEMM.cl, 1,16,-cl-std=CL1.2 -cl-fast-relaxed-math,1280,6.71229
   clBlas, 1,16,-cl-std=CL1.2 -cl-fast-relaxed-math,1792,0.19094
myGEMM.cl, 1,16,-cl-std=CL1.2 -cl-fast-relaxed-math,1792,18.63256
   clBlas, 2, 4,-cl-std=CL1.2 -cl-fast-relaxed-math,256,0.02638
myGEMM.cl, 2, 4,-cl-std=CL1.2 -cl-fast-relaxed-math,256,0.03192
   clBlas, 2, 4,-cl-std=CL1.2 -cl-fast-relaxed-math,768,0.12799
myGEMM.cl, 2, 4,-cl-std=CL1.2 -cl-fast-relaxed-math,768,0.82119
   clBlas, 2, 4,-cl-std=CL1.2 -cl-fast-relaxed-math,1280,0.19879
myGEMM.cl, 2, 4,-cl-std=CL1.2 -cl-fast-relaxed-math,1280,3.80624
   clBlas, 2, 4,-cl-std=CL1.2 -cl-fast-relaxed-math,1792,0.19709
myGEMM.cl, 2, 4,-cl-std=CL1.2 -cl-fast-relaxed-math,1792,10.43831
   clBlas, 2, 8,-cl-std=CL1.2 -cl-fast-relaxed-math,256,0.02628
myGEMM.cl, 2, 8,-cl-std=CL1.2 -cl-fast-relaxed-math,256,0.03019
   clBlas, 2, 8,-cl-std=CL1.2 -cl-fast-relaxed-math,768,0.12558
myGEMM.cl, 2, 8,-cl-std=CL1.2 -cl-fast-relaxed-math,768,0.79209
   clBlas, 2, 8,-cl-std=CL1.2 -cl-fast-relaxed-math,1280,0.19659
myGEMM.cl, 2, 8,-cl-std=CL1.2 -cl-fast-relaxed-math,1280,3.65542
   clBlas, 2, 8,-cl-std=CL1.2 -cl-fast-relaxed-math,1792,0.19391
myGEMM.cl, 2, 8,-cl-std=CL1.2 -cl-fast-relaxed-math,1792,10.00242
   clBlas, 2,16,-cl-std=CL1.2 -cl-fast-relaxed-math,256,0.02618
myGEMM.cl, 2,16,-cl-std=CL1.2 -cl-fast-relaxed-math,256,0.01872
   clBlas, 2,16,-cl-std=CL1.2 -cl-fast-relaxed-math,768,0.12410
myGEMM.cl, 2,16,-cl-std=CL1.2 -cl-fast-relaxed-math,768,0.47078
   clBlas, 2,16,-cl-std=CL1.2 -cl-fast-relaxed-math,1280,0.19373
myGEMM.cl, 2,16,-cl-std=CL1.2 -cl-fast-relaxed-math,1280,2.18449
   clBlas, 2,16,-cl-std=CL1.2 -cl-fast-relaxed-math,1792,0.20955
myGEMM.cl, 2,16,-cl-std=CL1.2 -cl-fast-relaxed-math,1792,5.98437
   clBlas, 1, 4,-cl-std=CL1.2,256,0.02697
myGEMM.cl, 1, 4,-cl-std=CL1.2,256,0.05214
   clBlas, 1, 4,-cl-std=CL1.2,768,0.12531
myGEMM.cl, 1, 4,-cl-std=CL1.2,768,1.41244
   clBlas, 1, 4,-cl-std=CL1.2,1280,0.19907
myGEMM.cl, 1, 4,-cl-std=CL1.2,1280,6.50561
   clBlas, 1, 4,-cl-std=CL1.2,1792,0.19920
myGEMM.cl, 1, 4,-cl-std=CL1.2,1792,18.41506
   clBlas, 1, 8,-cl-std=CL1.2,256,0.02616
myGEMM.cl, 1, 8,-cl-std=CL1.2,256,0.05215
   clBlas, 1, 8,-cl-std=CL1.2,768,0.12658
myGEMM.cl, 1, 8,-cl-std=CL1.2,768,1.41640
   clBlas, 1, 8,-cl-std=CL1.2,1280,0.19901
myGEMM.cl, 1, 8,-cl-std=CL1.2,1280,6.28754
   clBlas, 1, 8,-cl-std=CL1.2,1792,0.19707
myGEMM.cl, 1, 8,-cl-std=CL1.2,1792,17.91062
   clBlas, 1,16,-cl-std=CL1.2,256,0.02626
myGEMM.cl, 1,16,-cl-std=CL1.2,256,0.05484
   clBlas, 1,16,-cl-std=CL1.2,768,0.12236
myGEMM.cl, 1,16,-cl-std=CL1.2,768,1.45912
   clBlas, 1,16,-cl-std=CL1.2,1280,0.19486
myGEMM.cl, 1,16,-cl-std=CL1.2,1280,6.67487
   clBlas, 1,16,-cl-std=CL1.2,1792,0.19370
myGEMM.cl, 1,16,-cl-std=CL1.2,1792,18.81837
   clBlas, 2, 4,-cl-std=CL1.2,256,0.02640
myGEMM.cl, 2, 4,-cl-std=CL1.2,256,0.02374
   clBlas, 2, 4,-cl-std=CL1.2,768,0.12545
myGEMM.cl, 2, 4,-cl-std=CL1.2,768,0.63616
   clBlas, 2, 4,-cl-std=CL1.2,1280,0.19718
myGEMM.cl, 2, 4,-cl-std=CL1.2,1280,3.02499
   clBlas, 2, 4,-cl-std=CL1.2,1792,0.19717
myGEMM.cl, 2, 4,-cl-std=CL1.2,1792,8.29100
   clBlas, 2, 8,-cl-std=CL1.2,256,0.02642
myGEMM.cl, 2, 8,-cl-std=CL1.2,256,0.02990
   clBlas, 2, 8,-cl-std=CL1.2,768,0.12353
myGEMM.cl, 2, 8,-cl-std=CL1.2,768,0.78509
   clBlas, 2, 8,-cl-std=CL1.2,1280,0.19285
myGEMM.cl, 2, 8,-cl-std=CL1.2,1280,3.65993
   clBlas, 2, 8,-cl-std=CL1.2,1792,0.19332
myGEMM.cl, 2, 8,-cl-std=CL1.2,1792,9.86954
   clBlas, 2,16,-cl-std=CL1.2,256,0.02646
myGEMM.cl, 2,16,-cl-std=CL1.2,256,0.01818
   clBlas, 2,16,-cl-std=CL1.2,768,0.12656
myGEMM.cl, 2,16,-cl-std=CL1.2,768,0.46922
   clBlas, 2,16,-cl-std=CL1.2,1280,0.21546
myGEMM.cl, 2,16,-cl-std=CL1.2,1280,2.15141
   clBlas, 2,16,-cl-std=CL1.2,1792,0.19557
myGEMM.cl, 2,16,-cl-std=CL1.2,1792,5.94634
   clBlas, 1, 4,-cl-std=CL1.2 -cl-fast-relaxed-math,256,0.02640
myGEMM.cl, 1, 4,-cl-std=CL1.2 -cl-fast-relaxed-math,256,0.05147
   clBlas, 1, 4,-cl-std=CL1.2 -cl-fast-relaxed-math,768,0.12902
myGEMM.cl, 1, 4,-cl-std=CL1.2 -cl-fast-relaxed-math,768,1.40416
   clBlas, 1, 4,-cl-std=CL1.2 -cl-fast-relaxed-math,1280,0.20041
myGEMM.cl, 1, 4,-cl-std=CL1.2 -cl-fast-relaxed-math,1280,6.53424
   clBlas, 1, 4,-cl-std=CL1.2 -cl-fast-relaxed-math,1792,0.19747
myGEMM.cl, 1, 4,-cl-std=CL1.2 -cl-fast-relaxed-math,1792,18.67472
   clBlas, 1, 8,-cl-std=CL1.2 -cl-fast-relaxed-math,256,0.02629
myGEMM.cl, 1, 8,-cl-std=CL1.2 -cl-fast-relaxed-math,256,0.05148
   clBlas, 1, 8,-cl-std=CL1.2 -cl-fast-relaxed-math,768,0.12411
myGEMM.cl, 1, 8,-cl-std=CL1.2 -cl-fast-relaxed-math,768,1.37808
   clBlas, 1, 8,-cl-std=CL1.2 -cl-fast-relaxed-math,1280,0.19331
myGEMM.cl, 1, 8,-cl-std=CL1.2 -cl-fast-relaxed-math,1280,6.35438
   clBlas, 1, 8,-cl-std=CL1.2 -cl-fast-relaxed-math,1792,0.19414
myGEMM.cl, 1, 8,-cl-std=CL1.2 -cl-fast-relaxed-math,1792,17.95149
   clBlas, 1,16,-cl-std=CL1.2 -cl-fast-relaxed-math,256,0.02617
myGEMM.cl, 1,16,-cl-std=CL1.2 -cl-fast-relaxed-math,256,0.05404
   clBlas, 1,16,-cl-std=CL1.2 -cl-fast-relaxed-math,768,0.12608
myGEMM.cl, 1,16,-cl-std=CL1.2 -cl-fast-relaxed-math,768,1.42805
   clBlas, 1,16,-cl-std=CL1.2 -cl-fast-relaxed-math,1280,0.19665
myGEMM.cl, 1,16,-cl-std=CL1.2 -cl-fast-relaxed-math,1280,6.55037
   clBlas, 1,16,-cl-std=CL1.2 -cl-fast-relaxed-math,1792,0.19515
myGEMM.cl, 1,16,-cl-std=CL1.2 -cl-fast-relaxed-math,1792,18.89113
   clBlas, 2, 4,-cl-std=CL1.2 -cl-fast-relaxed-math,256,0.02644
myGEMM.cl, 2, 4,-cl-std=CL1.2 -cl-fast-relaxed-math,256,0.03200
   clBlas, 2, 4,-cl-std=CL1.2 -cl-fast-relaxed-math,768,0.12499
myGEMM.cl, 2, 4,-cl-std=CL1.2 -cl-fast-relaxed-math,768,0.82347
   clBlas, 2, 4,-cl-std=CL1.2 -cl-fast-relaxed-math,1280,0.19376
myGEMM.cl, 2, 4,-cl-std=CL1.2 -cl-fast-relaxed-math,1280,3.82271
   clBlas, 2, 4,-cl-std=CL1.2 -cl-fast-relaxed-math,1792,0.19506
myGEMM.cl, 2, 4,-cl-std=CL1.2 -cl-fast-relaxed-math,1792,10.49324
   clBlas, 2, 8,-cl-std=CL1.2 -cl-fast-relaxed-math,256,0.02628
myGEMM.cl, 2, 8,-cl-std=CL1.2 -cl-fast-relaxed-math,256,0.03051
   clBlas, 2, 8,-cl-std=CL1.2 -cl-fast-relaxed-math,768,0.12446
myGEMM.cl, 2, 8,-cl-std=CL1.2 -cl-fast-relaxed-math,768,0.78386
   clBlas, 2, 8,-cl-std=CL1.2 -cl-fast-relaxed-math,1280,0.20054
myGEMM.cl, 2, 8,-cl-std=CL1.2 -cl-fast-relaxed-math,1280,3.64327
   clBlas, 2, 8,-cl-std=CL1.2 -cl-fast-relaxed-math,1792,0.19742
myGEMM.cl, 2, 8,-cl-std=CL1.2 -cl-fast-relaxed-math,1792,10.09285
   clBlas, 2,16,-cl-std=CL1.2 -cl-fast-relaxed-math,256,0.02635
myGEMM.cl, 2,16,-cl-std=CL1.2 -cl-fast-relaxed-math,256,0.01835
   clBlas, 2,16,-cl-std=CL1.2 -cl-fast-relaxed-math,768,0.14620
myGEMM.cl, 2,16,-cl-std=CL1.2 -cl-fast-relaxed-math,768,0.47117
   clBlas, 2,16,-cl-std=CL1.2 -cl-fast-relaxed-math,1280,0.20082
myGEMM.cl, 2,16,-cl-std=CL1.2 -cl-fast-relaxed-math,1280,2.17644
   clBlas, 2,16,-cl-std=CL1.2 -cl-fast-relaxed-math,1792,0.19357
myGEMM.cl, 2,16,-cl-std=CL1.2 -cl-fast-relaxed-math,1792,5.98487
   clBlas, 1, 4,-cl-std=CL1.2,256,0.02631
myGEMM.cl, 1, 4,-cl-std=CL1.2,256,0.05143
   clBlas, 1, 4,-cl-std=CL1.2,768,0.12373
myGEMM.cl, 1, 4,-cl-std=CL1.2,768,1.40710
   clBlas, 1, 4,-cl-std=CL1.2,1280,0.19614
myGEMM.cl, 1, 4,-cl-std=CL1.2,1280,6.50633
   clBlas, 1, 4,-cl-std=CL1.2,1792,0.19455
myGEMM.cl, 1, 4,-cl-std=CL1.2,1792,18.43793
   clBlas, 1, 8,-cl-std=CL1.2,256,0.02648
myGEMM.cl, 1, 8,-cl-std=CL1.2,256,0.05213
   clBlas, 1, 8,-cl-std=CL1.2,768,0.12618
myGEMM.cl, 1, 8,-cl-std=CL1.2,768,1.39273
   clBlas, 1, 8,-cl-std=CL1.2,1280,0.19656
myGEMM.cl, 1, 8,-cl-std=CL1.2,1280,6.33553
   clBlas, 1, 8,-cl-std=CL1.2,1792,0.19572
myGEMM.cl, 1, 8,-cl-std=CL1.2,1792,18.05430
   clBlas, 1,16,-cl-std=CL1.2,256,0.02650
myGEMM.cl, 1,16,-cl-std=CL1.2,256,0.05630
   clBlas, 1,16,-cl-std=CL1.2,768,0.12756
myGEMM.cl, 1,16,-cl-std=CL1.2,768,1.46947
   clBlas, 1,16,-cl-std=CL1.2,1280,0.19541
myGEMM.cl, 1,16,-cl-std=CL1.2,1280,6.68069
   clBlas, 1,16,-cl-std=CL1.2,1792,0.19499
myGEMM.cl, 1,16,-cl-std=CL1.2,1792,18.65973
   clBlas, 2, 4,-cl-std=CL1.2,256,0.02632
myGEMM.cl, 2, 4,-cl-std=CL1.2,256,0.02350
   clBlas, 2, 4,-cl-std=CL1.2,768,0.12412
myGEMM.cl, 2, 4,-cl-std=CL1.2,768,0.63626
   clBlas, 2, 4,-cl-std=CL1.2,1280,0.19744
myGEMM.cl, 2, 4,-cl-std=CL1.2,1280,3.01258
   clBlas, 2, 4,-cl-std=CL1.2,1792,0.19584
myGEMM.cl, 2, 4,-cl-std=CL1.2,1792,8.30157
   clBlas, 2, 8,-cl-std=CL1.2,256,0.02640
myGEMM.cl, 2, 8,-cl-std=CL1.2,256,0.02981
   clBlas, 2, 8,-cl-std=CL1.2,768,0.12497
myGEMM.cl, 2, 8,-cl-std=CL1.2,768,0.78358
   clBlas, 2, 8,-cl-std=CL1.2,1280,0.19665
myGEMM.cl, 2, 8,-cl-std=CL1.2,1280,3.60564
   clBlas, 2, 8,-cl-std=CL1.2,1792,0.19364
myGEMM.cl, 2, 8,-cl-std=CL1.2,1792,9.83374
   clBlas, 2,16,-cl-std=CL1.2,256,0.02626
myGEMM.cl, 2,16,-cl-std=CL1.2,256,0.01847
   clBlas, 2,16,-cl-std=CL1.2,768,0.12546
myGEMM.cl, 2,16,-cl-std=CL1.2,768,0.47524
   clBlas, 2,16,-cl-std=CL1.2,1280,0.19813
myGEMM.cl, 2,16,-cl-std=CL1.2,1280,2.15615
   clBlas, 2,16,-cl-std=CL1.2,1792,0.19591
myGEMM.cl, 2,16,-cl-std=CL1.2,1792,5.92673
   clBlas, 1, 4,-cl-std=CL1.2 -cl-fast-relaxed-math,256,0.02641
myGEMM.cl, 1, 4,-cl-std=CL1.2 -cl-fast-relaxed-math,256,0.05162
   clBlas, 1, 4,-cl-std=CL1.2 -cl-fast-relaxed-math,768,0.12619
myGEMM.cl, 1, 4,-cl-std=CL1.2 -cl-fast-relaxed-math,768,1.41196
   clBlas, 1, 4,-cl-std=CL1.2 -cl-fast-relaxed-math,1280,0.19980
myGEMM.cl, 1, 4,-cl-std=CL1.2 -cl-fast-relaxed-math,1280,6.50878
   clBlas, 1, 4,-cl-std=CL1.2 -cl-fast-relaxed-math,1792,0.21997
myGEMM.cl, 1, 4,-cl-std=CL1.2 -cl-fast-relaxed-math,1792,18.41368
   clBlas, 1, 8,-cl-std=CL1.2 -cl-fast-relaxed-math,256,0.02648
myGEMM.cl, 1, 8,-cl-std=CL1.2 -cl-fast-relaxed-math,256,0.05233
   clBlas, 1, 8,-cl-std=CL1.2 -cl-fast-relaxed-math,768,0.12384
myGEMM.cl, 1, 8,-cl-std=CL1.2 -cl-fast-relaxed-math,768,1.39258
   clBlas, 1, 8,-cl-std=CL1.2 -cl-fast-relaxed-math,1280,0.21091
myGEMM.cl, 1, 8,-cl-std=CL1.2 -cl-fast-relaxed-math,1280,6.31428
   clBlas, 1, 8,-cl-std=CL1.2 -cl-fast-relaxed-math,1792,0.19830
myGEMM.cl, 1, 8,-cl-std=CL1.2 -cl-fast-relaxed-math,1792,18.12147
   clBlas, 1,16,-cl-std=CL1.2 -cl-fast-relaxed-math,256,0.02645
myGEMM.cl, 1,16,-cl-std=CL1.2 -cl-fast-relaxed-math,256,0.05576
   clBlas, 1,16,-cl-std=CL1.2 -cl-fast-relaxed-math,768,0.12662
myGEMM.cl, 1,16,-cl-std=CL1.2 -cl-fast-relaxed-math,768,1.50139
   clBlas, 1,16,-cl-std=CL1.2 -cl-fast-relaxed-math,1280,0.19704
myGEMM.cl, 1,16,-cl-std=CL1.2 -cl-fast-relaxed-math,1280,6.66238
   clBlas, 1,16,-cl-std=CL1.2 -cl-fast-relaxed-math,1792,0.19923
myGEMM.cl, 1,16,-cl-std=CL1.2 -cl-fast-relaxed-math,1792,18.89781
   clBlas, 2, 4,-cl-std=CL1.2 -cl-fast-relaxed-math,256,0.02630
myGEMM.cl, 2, 4,-cl-std=CL1.2 -cl-fast-relaxed-math,256,0.03191
   clBlas, 2, 4,-cl-std=CL1.2 -cl-fast-relaxed-math,768,0.12642
myGEMM.cl, 2, 4,-cl-std=CL1.2 -cl-fast-relaxed-math,768,0.82314
   clBlas, 2, 4,-cl-std=CL1.2 -cl-fast-relaxed-math,1280,0.20094
myGEMM.cl, 2, 4,-cl-std=CL1.2 -cl-fast-relaxed-math,1280,3.82310
   clBlas, 2, 4,-cl-std=CL1.2 -cl-fast-relaxed-math,1792,0.19710
myGEMM.cl, 2, 4,-cl-std=CL1.2 -cl-fast-relaxed-math,1792,10.45723
   clBlas, 2, 8,-cl-std=CL1.2 -cl-fast-relaxed-math,256,0.02638
myGEMM.cl, 2, 8,-cl-std=CL1.2 -cl-fast-relaxed-math,256,0.03093
   clBlas, 2, 8,-cl-std=CL1.2 -cl-fast-relaxed-math,768,0.12447
myGEMM.cl, 2, 8,-cl-std=CL1.2 -cl-fast-relaxed-math,768,0.78399
   clBlas, 2, 8,-cl-std=CL1.2 -cl-fast-relaxed-math,1280,0.21460
myGEMM.cl, 2, 8,-cl-std=CL1.2 -cl-fast-relaxed-math,1280,3.61369
   clBlas, 2, 8,-cl-std=CL1.2 -cl-fast-relaxed-math,1792,0.19446
myGEMM.cl, 2, 8,-cl-std=CL1.2 -cl-fast-relaxed-math,1792,9.94104
   clBlas, 2,16,-cl-std=CL1.2 -cl-fast-relaxed-math,256,0.02639
myGEMM.cl, 2,16,-cl-std=CL1.2 -cl-fast-relaxed-math,256,0.01855
   clBlas, 2,16,-cl-std=CL1.2 -cl-fast-relaxed-math,768,0.12480
myGEMM.cl, 2,16,-cl-std=CL1.2 -cl-fast-relaxed-math,768,0.47470
   clBlas, 2,16,-cl-std=CL1.2 -cl-fast-relaxed-math,1280,0.19741
myGEMM.cl, 2,16,-cl-std=CL1.2 -cl-fast-relaxed-math,1280,2.18591
   clBlas, 2,16,-cl-std=CL1.2 -cl-fast-relaxed-math,1792,0.19408
myGEMM.cl, 2,16,-cl-std=CL1.2 -cl-fast-relaxed-math,1792,5.98067
   clBlas, 1, 4,-cl-std=CL1.2,256,0.02643
myGEMM.cl, 1, 4,-cl-std=CL1.2,256,0.05409
   clBlas, 1, 4,-cl-std=CL1.2,768,0.12631
myGEMM.cl, 1, 4,-cl-std=CL1.2,768,1.41457
   clBlas, 1, 4,-cl-std=CL1.2,1280,0.20070
myGEMM.cl, 1, 4,-cl-std=CL1.2,1280,6.52685
   clBlas, 1, 4,-cl-std=CL1.2,1792,0.20000
myGEMM.cl, 1, 4,-cl-std=CL1.2,1792,18.42383
   clBlas, 1, 8,-cl-std=CL1.2,256,0.02636
myGEMM.cl, 1, 8,-cl-std=CL1.2,256,0.05082
   clBlas, 1, 8,-cl-std=CL1.2,768,0.12362
myGEMM.cl, 1, 8,-cl-std=CL1.2,768,1.38364
   clBlas, 1, 8,-cl-std=CL1.2,1280,0.19561
myGEMM.cl, 1, 8,-cl-std=CL1.2,1280,6.34049
   clBlas, 1, 8,-cl-std=CL1.2,1792,0.19435
myGEMM.cl, 1, 8,-cl-std=CL1.2,1792,17.87832
   clBlas, 1,16,-cl-std=CL1.2,256,0.02633
myGEMM.cl, 1,16,-cl-std=CL1.2,256,0.05649
   clBlas, 1,16,-cl-std=CL1.2,768,0.12492
myGEMM.cl, 1,16,-cl-std=CL1.2,768,1.47891
   clBlas, 1,16,-cl-std=CL1.2,1280,0.20163
myGEMM.cl, 1,16,-cl-std=CL1.2,1280,6.44456
   clBlas, 1,16,-cl-std=CL1.2,1792,0.19902
myGEMM.cl, 1,16,-cl-std=CL1.2,1792,18.89464
   clBlas, 2, 4,-cl-std=CL1.2,256,0.02631
myGEMM.cl, 2, 4,-cl-std=CL1.2,256,0.02352
   clBlas, 2, 4,-cl-std=CL1.2,768,0.12693
myGEMM.cl, 2, 4,-cl-std=CL1.2,768,0.63411
   clBlas, 2, 4,-cl-std=CL1.2,1280,0.19627
myGEMM.cl, 2, 4,-cl-std=CL1.2,1280,3.01278
   clBlas, 2, 4,-cl-std=CL1.2,1792,0.19563
myGEMM.cl, 2, 4,-cl-std=CL1.2,1792,8.29559
   clBlas, 2, 8,-cl-std=CL1.2,256,0.02632
myGEMM.cl, 2, 8,-cl-std=CL1.2,256,0.03120
   clBlas, 2, 8,-cl-std=CL1.2,768,0.12789
myGEMM.cl, 2, 8,-cl-std=CL1.2,768,0.76304
   clBlas, 2, 8,-cl-std=CL1.2,1280,0.19683
myGEMM.cl, 2, 8,-cl-std=CL1.2,1280,3.61548
   clBlas, 2, 8,-cl-std=CL1.2,1792,0.19953
myGEMM.cl, 2, 8,-cl-std=CL1.2,1792,9.86013
   clBlas, 2,16,-cl-std=CL1.2,256,0.02621
myGEMM.cl, 2,16,-cl-std=CL1.2,256,0.01800
   clBlas, 2,16,-cl-std=CL1.2,768,0.14351
myGEMM.cl, 2,16,-cl-std=CL1.2,768,0.46157
   clBlas, 2,16,-cl-std=CL1.2,1280,0.20159
myGEMM.cl, 2,16,-cl-std=CL1.2,1280,2.19414
   clBlas, 2,16,-cl-std=CL1.2,1792,0.19208
myGEMM.cl, 2,16,-cl-std=CL1.2,1792,5.99535
   clBlas, 1, 4,-cl-std=CL1.2 -cl-fast-relaxed-math,256,0.02627
myGEMM.cl, 1, 4,-cl-std=CL1.2 -cl-fast-relaxed-math,256,0.05105
   clBlas, 1, 4,-cl-std=CL1.2 -cl-fast-relaxed-math,768,0.12620
myGEMM.cl, 1, 4,-cl-std=CL1.2 -cl-fast-relaxed-math,768,1.40215
   clBlas, 1, 4,-cl-std=CL1.2 -cl-fast-relaxed-math,1280,0.19735
myGEMM.cl, 1, 4,-cl-std=CL1.2 -cl-fast-relaxed-math,1280,6.50579
   clBlas, 1, 4,-cl-std=CL1.2 -cl-fast-relaxed-math,1792,0.19837
myGEMM.cl, 1, 4,-cl-std=CL1.2 -cl-fast-relaxed-math,1792,18.44567
   clBlas, 1, 8,-cl-std=CL1.2 -cl-fast-relaxed-math,256,0.02647
myGEMM.cl, 1, 8,-cl-std=CL1.2 -cl-fast-relaxed-math,256,0.05363
   clBlas, 1, 8,-cl-std=CL1.2 -cl-fast-relaxed-math,768,0.12318
myGEMM.cl, 1, 8,-cl-std=CL1.2 -cl-fast-relaxed-math,768,1.43577
   clBlas, 1, 8,-cl-std=CL1.2 -cl-fast-relaxed-math,1280,0.19419
myGEMM.cl, 1, 8,-cl-std=CL1.2 -cl-fast-relaxed-math,1280,6.35309
   clBlas, 1, 8,-cl-std=CL1.2 -cl-fast-relaxed-math,1792,0.19288
myGEMM.cl, 1, 8,-cl-std=CL1.2 -cl-fast-relaxed-math,1792,17.87681
   clBlas, 1,16,-cl-std=CL1.2 -cl-fast-relaxed-math,256,0.02644
myGEMM.cl, 1,16,-cl-std=CL1.2 -cl-fast-relaxed-math,256,0.05621
   clBlas, 1,16,-cl-std=CL1.2 -cl-fast-relaxed-math,768,0.12302
myGEMM.cl, 1,16,-cl-std=CL1.2 -cl-fast-relaxed-math,768,1.45676
   clBlas, 1,16,-cl-std=CL1.2 -cl-fast-relaxed-math,1280,0.19388
myGEMM.cl, 1,16,-cl-std=CL1.2 -cl-fast-relaxed-math,1280,6.41379
   clBlas, 1,16,-cl-std=CL1.2 -cl-fast-relaxed-math,1792,0.19445
myGEMM.cl, 1,16,-cl-std=CL1.2 -cl-fast-relaxed-math,1792,18.70261
   clBlas, 2, 4,-cl-std=CL1.2 -cl-fast-relaxed-math,256,0.02649
myGEMM.cl, 2, 4,-cl-std=CL1.2 -cl-fast-relaxed-math,256,0.03189
   clBlas, 2, 4,-cl-std=CL1.2 -cl-fast-relaxed-math,768,0.13140
myGEMM.cl, 2, 4,-cl-std=CL1.2 -cl-fast-relaxed-math,768,0.82261
   clBlas, 2, 4,-cl-std=CL1.2 -cl-fast-relaxed-math,1280,0.19775
myGEMM.cl, 2, 4,-cl-std=CL1.2 -cl-fast-relaxed-math,1280,3.80918
   clBlas, 2, 4,-cl-std=CL1.2 -cl-fast-relaxed-math,1792,0.19836
myGEMM.cl, 2, 4,-cl-std=CL1.2 -cl-fast-relaxed-math,1792,10.50288
   clBlas, 2, 8,-cl-std=CL1.2 -cl-fast-relaxed-math,256,0.02672
myGEMM.cl, 2, 8,-cl-std=CL1.2 -cl-fast-relaxed-math,256,0.02994
   clBlas, 2, 8,-cl-std=CL1.2 -cl-fast-relaxed-math,768,0.12575
myGEMM.cl, 2, 8,-cl-std=CL1.2 -cl-fast-relaxed-math,768,0.78458
   clBlas, 2, 8,-cl-std=CL1.2 -cl-fast-relaxed-math,1280,0.19633
myGEMM.cl, 2, 8,-cl-std=CL1.2 -cl-fast-relaxed-math,1280,3.69031
   clBlas, 2, 8,-cl-std=CL1.2 -cl-fast-relaxed-math,1792,0.19354
myGEMM.cl, 2, 8,-cl-std=CL1.2 -cl-fast-relaxed-math,1792,9.93936
   clBlas, 2,16,-cl-std=CL1.2 -cl-fast-relaxed-math,256,0.02625
myGEMM.cl, 2,16,-cl-std=CL1.2 -cl-fast-relaxed-math,256,0.01866
   clBlas, 2,16,-cl-std=CL1.2 -cl-fast-relaxed-math,768,0.12683
myGEMM.cl, 2,16,-cl-std=CL1.2 -cl-fast-relaxed-math,768,0.48160
   clBlas, 2,16,-cl-std=CL1.2 -cl-fast-relaxed-math,1280,0.20057
myGEMM.cl, 2,16,-cl-std=CL1.2 -cl-fast-relaxed-math,1280,2.16799
   clBlas, 2,16,-cl-std=CL1.2 -cl-fast-relaxed-math,1792,0.19749
myGEMM.cl, 2,16,-cl-std=CL1.2 -cl-fast-relaxed-math,1792,5.97225
   clBlas, 1, 4,-cl-std=CL1.2,256,0.02633
myGEMM.cl, 1, 4,-cl-std=CL1.2,256,0.05173
   clBlas, 1, 4,-cl-std=CL1.2,768,0.12276
myGEMM.cl, 1, 4,-cl-std=CL1.2,768,1.40935
   clBlas, 1, 4,-cl-std=CL1.2,1280,0.19534
myGEMM.cl, 1, 4,-cl-std=CL1.2,1280,6.50811
   clBlas, 1, 4,-cl-std=CL1.2,1792,0.19344
myGEMM.cl, 1, 4,-cl-std=CL1.2,1792,18.65324
   clBlas, 1, 8,-cl-std=CL1.2,256,0.02640
myGEMM.cl, 1, 8,-cl-std=CL1.2,256,0.05269
   clBlas, 1, 8,-cl-std=CL1.2,768,0.12463
myGEMM.cl, 1, 8,-cl-std=CL1.2,768,1.36573
   clBlas, 1, 8,-cl-std=CL1.2,1280,0.19611
myGEMM.cl, 1, 8,-cl-std=CL1.2,1280,6.26230
   clBlas, 1, 8,-cl-std=CL1.2,1792,0.19375
myGEMM.cl, 1, 8,-cl-std=CL1.2,1792,17.78518
   clBlas, 1,16,-cl-std=CL1.2,256,0.02626
myGEMM.cl, 1,16,-cl-std=CL1.2,256,0.05421
   clBlas, 1,16,-cl-std=CL1.2,768,0.12504
myGEMM.cl, 1,16,-cl-std=CL1.2,768,1.46834
   clBlas, 1,16,-cl-std=CL1.2,1280,0.19697
myGEMM.cl, 1,16,-cl-std=CL1.2,1280,6.51182
   clBlas, 1,16,-cl-std=CL1.2,1792,0.19349
myGEMM.cl, 1,16,-cl-std=CL1.2,1792,18.73725
   clBlas, 2, 4,-cl-std=CL1.2,256,0.02635
myGEMM.cl, 2, 4,-cl-std=CL1.2,256,0.02358
   clBlas, 2, 4,-cl-std=CL1.2,768,0.12674
myGEMM.cl, 2, 4,-cl-std=CL1.2,768,0.63254
   clBlas, 2, 4,-cl-std=CL1.2,1280,0.19995
myGEMM.cl, 2, 4,-cl-std=CL1.2,1280,3.01187
   clBlas, 2, 4,-cl-std=CL1.2,1792,0.19730
myGEMM.cl, 2, 4,-cl-std=CL1.2,1792,8.29197
   clBlas, 2, 8,-cl-std=CL1.2,256,0.02636
myGEMM.cl, 2, 8,-cl-std=CL1.2,256,0.02960
   clBlas, 2, 8,-cl-std=CL1.2,768,0.12618
myGEMM.cl, 2, 8,-cl-std=CL1.2,768,0.76335
   clBlas, 2, 8,-cl-std=CL1.2,1280,0.19900
myGEMM.cl, 2, 8,-cl-std=CL1.2,1280,3.64659
   clBlas, 2, 8,-cl-std=CL1.2,1792,0.19772
myGEMM.cl, 2, 8,-cl-std=CL1.2,1792,9.81500
   clBlas, 2,16,-cl-std=CL1.2,256,0.02643
myGEMM.cl, 2,16,-cl-std=CL1.2,256,0.01896
   clBlas, 2,16,-cl-std=CL1.2,768,0.12720
myGEMM.cl, 2,16,-cl-std=CL1.2,768,0.47283
   clBlas, 2,16,-cl-std=CL1.2,1280,0.20406
myGEMM.cl, 2,16,-cl-std=CL1.2,1280,2.18613
   clBlas, 2,16,-cl-std=CL1.2,1792,0.19828
myGEMM.cl, 2,16,-cl-std=CL1.2,1792,5.98902
   clBlas, 1, 4,-cl-std=CL1.2 -cl-fast-relaxed-math,256,0.02665
myGEMM.cl, 1, 4,-cl-std=CL1.2 -cl-fast-relaxed-math,256,0.05207
   clBlas, 1, 4,-cl-std=CL1.2 -cl-fast-relaxed-math,768,0.12914
myGEMM.cl, 1, 4,-cl-std=CL1.2 -cl-fast-relaxed-math,768,1.40996
   clBlas, 1, 4,-cl-std=CL1.2 -cl-fast-relaxed-math,1280,0.20148
myGEMM.cl, 1, 4,-cl-std=CL1.2 -cl-fast-relaxed-math,1280,6.50600
   clBlas, 1, 4,-cl-std=CL1.2 -cl-fast-relaxed-math,1792,0.20168
myGEMM.cl, 1, 4,-cl-std=CL1.2 -cl-fast-relaxed-math,1792,18.46646
   clBlas, 1, 8,-cl-std=CL1.2 -cl-fast-relaxed-math,256,0.02633
myGEMM.cl, 1, 8,-cl-std=CL1.2 -cl-fast-relaxed-math,256,0.05177
   clBlas, 1, 8,-cl-std=CL1.2 -cl-fast-relaxed-math,768,0.12466
myGEMM.cl, 1, 8,-cl-std=CL1.2 -cl-fast-relaxed-math,768,1.39503
   clBlas, 1, 8,-cl-std=CL1.2 -cl-fast-relaxed-math,1280,0.19561
myGEMM.cl, 1, 8,-cl-std=CL1.2 -cl-fast-relaxed-math,1280,6.32429
   clBlas, 1, 8,-cl-std=CL1.2 -cl-fast-relaxed-math,1792,0.19340
myGEMM.cl, 1, 8,-cl-std=CL1.2 -cl-fast-relaxed-math,1792,17.94542
   clBlas, 1,16,-cl-std=CL1.2 -cl-fast-relaxed-math,256,0.02646
myGEMM.cl, 1,16,-cl-std=CL1.2 -cl-fast-relaxed-math,256,0.05585
   clBlas, 1,16,-cl-std=CL1.2 -cl-fast-relaxed-math,768,0.14797
myGEMM.cl, 1,16,-cl-std=CL1.2 -cl-fast-relaxed-math,768,1.49410
   clBlas, 1,16,-cl-std=CL1.2 -cl-fast-relaxed-math,1280,0.19636
myGEMM.cl, 1,16,-cl-std=CL1.2 -cl-fast-relaxed-math,1280,6.47995
   clBlas, 1,16,-cl-std=CL1.2 -cl-fast-relaxed-math,1792,0.19943
myGEMM.cl, 1,16,-cl-std=CL1.2 -cl-fast-relaxed-math,1792,18.75833
   clBlas, 2, 4,-cl-std=CL1.2 -cl-fast-relaxed-math,256,0.02627
myGEMM.cl, 2, 4,-cl-std=CL1.2 -cl-fast-relaxed-math,256,0.03195
   clBlas, 2, 4,-cl-std=CL1.2 -cl-fast-relaxed-math,768,0.12462
myGEMM.cl, 2, 4,-cl-std=CL1.2 -cl-fast-relaxed-math,768,0.82284
   clBlas, 2, 4,-cl-std=CL1.2 -cl-fast-relaxed-math,1280,0.19491
myGEMM.cl, 2, 4,-cl-std=CL1.2 -cl-fast-relaxed-math,1280,3.81241
   clBlas, 2, 4,-cl-std=CL1.2 -cl-fast-relaxed-math,1792,0.19639
myGEMM.cl, 2, 4,-cl-std=CL1.2 -cl-fast-relaxed-math,1792,10.51933
   clBlas, 2, 8,-cl-std=CL1.2 -cl-fast-relaxed-math,256,0.02648
myGEMM.cl, 2, 8,-cl-std=CL1.2 -cl-fast-relaxed-math,256,0.02959
   clBlas, 2, 8,-cl-std=CL1.2 -cl-fast-relaxed-math,768,0.12822
myGEMM.cl, 2, 8,-cl-std=CL1.2 -cl-fast-relaxed-math,768,0.78591
   clBlas, 2, 8,-cl-std=CL1.2 -cl-fast-relaxed-math,1280,0.20013
myGEMM.cl, 2, 8,-cl-std=CL1.2 -cl-fast-relaxed-math,1280,3.58714
   clBlas, 2, 8,-cl-std=CL1.2 -cl-fast-relaxed-math,1792,0.22513
myGEMM.cl, 2, 8,-cl-std=CL1.2 -cl-fast-relaxed-math,1792,10.07960
   clBlas, 2,16,-cl-std=CL1.2 -cl-fast-relaxed-math,256,0.02644
myGEMM.cl, 2,16,-cl-std=CL1.2 -cl-fast-relaxed-math,256,0.01860
   clBlas, 2,16,-cl-std=CL1.2 -cl-fast-relaxed-math,768,0.12571
myGEMM.cl, 2,16,-cl-std=CL1.2 -cl-fast-relaxed-math,768,0.46939
   clBlas, 2,16,-cl-std=CL1.2 -cl-fast-relaxed-math,1280,0.20027
myGEMM.cl, 2,16,-cl-std=CL1.2 -cl-fast-relaxed-math,1280,2.18902
   clBlas, 2,16,-cl-std=CL1.2 -cl-fast-relaxed-math,1792,0.20314
myGEMM.cl, 2,16,-cl-std=CL1.2 -cl-fast-relaxed-math,1792,5.93842
   clBlas, 1, 4,-cl-std=CL1.2,256,0.02645
myGEMM.cl, 1, 4,-cl-std=CL1.2,256,0.05106
   clBlas, 1, 4,-cl-std=CL1.2,768,0.12565
myGEMM.cl, 1, 4,-cl-std=CL1.2,768,1.40583
   clBlas, 1, 4,-cl-std=CL1.2,1280,0.21254
myGEMM.cl, 1, 4,-cl-std=CL1.2,1280,6.50664
   clBlas, 1, 4,-cl-std=CL1.2,1792,0.19675
myGEMM.cl, 1, 4,-cl-std=CL1.2,1792,18.45121
   clBlas, 1, 8,-cl-std=CL1.2,256,0.02644
myGEMM.cl, 1, 8,-cl-std=CL1.2,256,0.05265
   clBlas, 1, 8,-cl-std=CL1.2,768,0.12707
myGEMM.cl, 1, 8,-cl-std=CL1.2,768,1.40797
   clBlas, 1, 8,-cl-std=CL1.2,1280,0.20101
myGEMM.cl, 1, 8,-cl-std=CL1.2,1280,6.35116
   clBlas, 1, 8,-cl-std=CL1.2,1792,0.20014
myGEMM.cl, 1, 8,-cl-std=CL1.2,1792,17.83773
   clBlas, 1,16,-cl-std=CL1.2,256,0.02624
myGEMM.cl, 1,16,-cl-std=CL1.2,256,0.05580
   clBlas, 1,16,-cl-std=CL1.2,768,0.12369
myGEMM.cl, 1,16,-cl-std=CL1.2,768,1.46768
   clBlas, 1,16,-cl-std=CL1.2,1280,0.21466
myGEMM.cl, 1,16,-cl-std=CL1.2,1280,6.59552
   clBlas, 1,16,-cl-std=CL1.2,1792,0.19374
myGEMM.cl, 1,16,-cl-std=CL1.2,1792,18.76434
   clBlas, 2, 4,-cl-std=CL1.2,256,0.02634
myGEMM.cl, 2, 4,-cl-std=CL1.2,256,0.02362
   clBlas, 2, 4,-cl-std=CL1.2,768,0.12318
myGEMM.cl, 2, 4,-cl-std=CL1.2,768,0.63862
   clBlas, 2, 4,-cl-std=CL1.2,1280,0.20051
myGEMM.cl, 2, 4,-cl-std=CL1.2,1280,3.06639
   clBlas, 2, 4,-cl-std=CL1.2,1792,0.20029
myGEMM.cl, 2, 4,-cl-std=CL1.2,1792,8.28825
   clBlas, 2, 8,-cl-std=CL1.2,256,0.02631
myGEMM.cl, 2, 8,-cl-std=CL1.2,256,0.02939
   clBlas, 2, 8,-cl-std=CL1.2,768,0.12657
myGEMM.cl, 2, 8,-cl-std=CL1.2,768,0.79512
   clBlas, 2, 8,-cl-std=CL1.2,1280,0.19836
myGEMM.cl, 2, 8,-cl-std=CL1.2,1280,3.56254
   clBlas, 2, 8,-cl-std=CL1.2,1792,0.19186
myGEMM.cl, 2, 8,-cl-std=CL1.2,1792,9.90184
   clBlas, 2,16,-cl-std=CL1.2,256,0.02620
myGEMM.cl, 2,16,-cl-std=CL1.2,256,0.01808
   clBlas, 2,16,-cl-std=CL1.2,768,0.12530
myGEMM.cl, 2,16,-cl-std=CL1.2,768,0.46906
   clBlas, 2,16,-cl-std=CL1.2,1280,0.19583
myGEMM.cl, 2,16,-cl-std=CL1.2,1280,2.17201
   clBlas, 2,16,-cl-std=CL1.2,1792,0.19823
myGEMM.cl, 2,16,-cl-std=CL1.2,1792,6.02656
   clBlas, 1, 4,-cl-std=CL1.2 -cl-fast-relaxed-math,256,0.02627
myGEMM.cl, 1, 4,-cl-std=CL1.2 -cl-fast-relaxed-math,256,0.05138
   clBlas, 1, 4,-cl-std=CL1.2 -cl-fast-relaxed-math,768,0.12366
myGEMM.cl, 1, 4,-cl-std=CL1.2 -cl-fast-relaxed-math,768,1.40712
   clBlas, 1, 4,-cl-std=CL1.2 -cl-fast-relaxed-math,1280,0.19645
myGEMM.cl, 1, 4,-cl-std=CL1.2 -cl-fast-relaxed-math,1280,6.50629
   clBlas, 1, 4,-cl-std=CL1.2 -cl-fast-relaxed-math,1792,0.19471
myGEMM.cl, 1, 4,-cl-std=CL1.2 -cl-fast-relaxed-math,1792,18.41812
   clBlas, 1, 8,-cl-std=CL1.2 -cl-fast-relaxed-math,256,0.02641
myGEMM.cl, 1, 8,-cl-std=CL1.2 -cl-fast-relaxed-math,256,0.05204
   clBlas, 1, 8,-cl-std=CL1.2 -cl-fast-relaxed-math,768,0.12396
myGEMM.cl, 1, 8,-cl-std=CL1.2 -cl-fast-relaxed-math,768,1.38654
   clBlas, 1, 8,-cl-std=CL1.2 -cl-fast-relaxed-math,1280,0.19565
myGEMM.cl, 1, 8,-cl-std=CL1.2 -cl-fast-relaxed-math,1280,6.38023
   clBlas, 1, 8,-cl-std=CL1.2 -cl-fast-relaxed-math,1792,0.19712
myGEMM.cl, 1, 8,-cl-std=CL1.2 -cl-fast-relaxed-math,1792,17.82697
   clBlas, 1,16,-cl-std=CL1.2 -cl-fast-relaxed-math,256,0.02630
myGEMM.cl, 1,16,-cl-std=CL1.2 -cl-fast-relaxed-math,256,0.05699
   clBlas, 1,16,-cl-std=CL1.2 -cl-fast-relaxed-math,768,0.12623
myGEMM.cl, 1,16,-cl-std=CL1.2 -cl-fast-relaxed-math,768,1.45847
   clBlas, 1,16,-cl-std=CL1.2 -cl-fast-relaxed-math,1280,0.19535
myGEMM.cl, 1,16,-cl-std=CL1.2 -cl-fast-relaxed-math,1280,6.61428
   clBlas, 1,16,-cl-std=CL1.2 -cl-fast-relaxed-math,1792,0.19499
myGEMM.cl, 1,16,-cl-std=CL1.2 -cl-fast-relaxed-math,1792,18.96933
   clBlas, 2, 4,-cl-std=CL1.2 -cl-fast-relaxed-math,256,0.02607
myGEMM.cl, 2, 4,-cl-std=CL1.2 -cl-fast-relaxed-math,256,0.03188
   clBlas, 2, 4,-cl-std=CL1.2 -cl-fast-relaxed-math,768,0.12513
myGEMM.cl, 2, 4,-cl-std=CL1.2 -cl-fast-relaxed-math,768,0.82229
   clBlas, 2, 4,-cl-std=CL1.2 -cl-fast-relaxed-math,1280,0.19471
myGEMM.cl, 2, 4,-cl-std=CL1.2 -cl-fast-relaxed-math,1280,3.81364
   clBlas, 2, 4,-cl-std=CL1.2 -cl-fast-relaxed-math,1792,0.19449
myGEMM.cl, 2, 4,-cl-std=CL1.2 -cl-fast-relaxed-math,1792,10.46648
   clBlas, 2, 8,-cl-std=CL1.2 -cl-fast-relaxed-math,256,0.02633
myGEMM.cl, 2, 8,-cl-std=CL1.2 -cl-fast-relaxed-math,256,0.02955
   clBlas, 2, 8,-cl-std=CL1.2 -cl-fast-relaxed-math,768,0.12614
myGEMM.cl, 2, 8,-cl-std=CL1.2 -cl-fast-relaxed-math,768,0.79310
   clBlas, 2, 8,-cl-std=CL1.2 -cl-fast-relaxed-math,1280,0.19655
myGEMM.cl, 2, 8,-cl-std=CL1.2 -cl-fast-relaxed-math,1280,3.65581
   clBlas, 2, 8,-cl-std=CL1.2 -cl-fast-relaxed-math,1792,0.21132
myGEMM.cl, 2, 8,-cl-std=CL1.2 -cl-fast-relaxed-math,1792,10.10040
   clBlas, 2,16,-cl-std=CL1.2 -cl-fast-relaxed-math,256,0.02670
myGEMM.cl, 2,16,-cl-std=CL1.2 -cl-fast-relaxed-math,256,0.01807
   clBlas, 2,16,-cl-std=CL1.2 -cl-fast-relaxed-math,768,0.13463
myGEMM.cl, 2,16,-cl-std=CL1.2 -cl-fast-relaxed-math,768,0.46599
   clBlas, 2,16,-cl-std=CL1.2 -cl-fast-relaxed-math,1280,0.21406
myGEMM.cl, 2,16,-cl-std=CL1.2 -cl-fast-relaxed-math,1280,2.14690
   clBlas, 2,16,-cl-std=CL1.2 -cl-fast-relaxed-math,1792,0.19540
myGEMM.cl, 2,16,-cl-std=CL1.2 -cl-fast-relaxed-math,1792,5.96932
   clBlas, 1, 4,-cl-std=CL1.2,256,0.02624
myGEMM.cl, 1, 4,-cl-std=CL1.2,256,0.05102
   clBlas, 1, 4,-cl-std=CL1.2,768,0.12847
myGEMM.cl, 1, 4,-cl-std=CL1.2,768,1.40503
   clBlas, 1, 4,-cl-std=CL1.2,1280,0.19918
myGEMM.cl, 1, 4,-cl-std=CL1.2,1280,6.50728
   clBlas, 1, 4,-cl-std=CL1.2,1792,0.20121
myGEMM.cl, 1, 4,-cl-std=CL1.2,1792,18.73029
   clBlas, 1, 8,-cl-std=CL1.2,256,0.02644
myGEMM.cl, 1, 8,-cl-std=CL1.2,256,0.05322
   clBlas, 1, 8,-cl-std=CL1.2,768,0.12777
myGEMM.cl, 1, 8,-cl-std=CL1.2,768,1.40365
   clBlas, 1, 8,-cl-std=CL1.2,1280,0.20228
myGEMM.cl, 1, 8,-cl-std=CL1.2,1280,6.25617
   clBlas, 1, 8,-cl-std=CL1.2,1792,0.19642
myGEMM.cl, 1, 8,-cl-std=CL1.2,1792,18.03119
   clBlas, 1,16,-cl-std=CL1.2,256,0.02637
myGEMM.cl, 1,16,-cl-std=CL1.2,256,0.05655
   clBlas, 1,16,-cl-std=CL1.2,768,0.12650
myGEMM.cl, 1,16,-cl-std=CL1.2,768,1.45316
   clBlas, 1,16,-cl-std=CL1.2,1280,0.19727
myGEMM.cl, 1,16,-cl-std=CL1.2,1280,6.49318
   clBlas, 1,16,-cl-std=CL1.2,1792,0.21849
myGEMM.cl, 1,16,-cl-std=CL1.2,1792,18.97588
   clBlas, 2, 4,-cl-std=CL1.2,256,0.02642
myGEMM.cl, 2, 4,-cl-std=CL1.2,256,0.02382
   clBlas, 2, 4,-cl-std=CL1.2,768,0.12637
myGEMM.cl, 2, 4,-cl-std=CL1.2,768,0.63941
   clBlas, 2, 4,-cl-std=CL1.2,1280,0.19423
myGEMM.cl, 2, 4,-cl-std=CL1.2,1280,3.01838
   clBlas, 2, 4,-cl-std=CL1.2,1792,0.19498
myGEMM.cl, 2, 4,-cl-std=CL1.2,1792,8.33624
   clBlas, 2, 8,-cl-std=CL1.2,256,0.02643
myGEMM.cl, 2, 8,-cl-std=CL1.2,256,0.02949
   clBlas, 2, 8,-cl-std=CL1.2,768,0.12622
myGEMM.cl, 2, 8,-cl-std=CL1.2,768,0.78079
   clBlas, 2, 8,-cl-std=CL1.2,1280,0.19765
myGEMM.cl, 2, 8,-cl-std=CL1.2,1280,3.62600
   clBlas, 2, 8,-cl-std=CL1.2,1792,0.19876
myGEMM.cl, 2, 8,-cl-std=CL1.2,1792,9.91315
   clBlas, 2,16,-cl-std=CL1.2,256,0.02654
myGEMM.cl, 2,16,-cl-std=CL1.2,256,0.01883
   clBlas, 2,16,-cl-std=CL1.2,768,0.12584
myGEMM.cl, 2,16,-cl-std=CL1.2,768,0.47299
   clBlas, 2,16,-cl-std=CL1.2,1280,0.19696
myGEMM.cl, 2,16,-cl-std=CL1.2,1280,2.17580
   clBlas, 2,16,-cl-std=CL1.2,1792,0.19755
myGEMM.cl, 2,16,-cl-std=CL1.2,1792,5.98472
   clBlas, 1, 4,-cl-std=CL1.2 -cl-fast-relaxed-math,256,0.02637
myGEMM.cl, 1, 4,-cl-std=CL1.2 -cl-fast-relaxed-math,256,0.05104
   clBlas, 1, 4,-cl-std=CL1.2 -cl-fast-relaxed-math,768,0.12568
myGEMM.cl, 1, 4,-cl-std=CL1.2 -cl-fast-relaxed-math,768,1.40771
   clBlas, 1, 4,-cl-std=CL1.2 -cl-fast-relaxed-math,1280,0.19811
myGEMM.cl, 1, 4,-cl-std=CL1.2 -cl-fast-relaxed-math,1280,6.51546
   clBlas, 1, 4,-cl-std=CL1.2 -cl-fast-relaxed-math,1792,0.19772
myGEMM.cl, 1, 4,-cl-std=CL1.2 -cl-fast-relaxed-math,1792,18.58192
   clBlas, 1, 8,-cl-std=CL1.2 -cl-fast-relaxed-math,256,0.02635
myGEMM.cl, 1, 8,-cl-std=CL1.2 -cl-fast-relaxed-math,256,0.05388
   clBlas, 1, 8,-cl-std=CL1.2 -cl-fast-relaxed-math,768,0.12493
myGEMM.cl, 1, 8,-cl-std=CL1.2 -cl-fast-relaxed-math,768,1.38964
   clBlas, 1, 8,-cl-std=CL1.2 -cl-fast-relaxed-math,1280,0.19473
myGEMM.cl, 1, 8,-cl-std=CL1.2 -cl-fast-relaxed-math,1280,6.19780
   clBlas, 1, 8,-cl-std=CL1.2 -cl-fast-relaxed-math,1792,0.19527
myGEMM.cl, 1, 8,-cl-std=CL1.2 -cl-fast-relaxed-math,1792,17.82469
   clBlas, 1,16,-cl-std=CL1.2 -cl-fast-relaxed-math,256,0.02628
myGEMM.cl, 1,16,-cl-std=CL1.2 -cl-fast-relaxed-math,256,0.05677
   clBlas, 1,16,-cl-std=CL1.2 -cl-fast-relaxed-math,768,0.12780
myGEMM.cl, 1,16,-cl-std=CL1.2 -cl-fast-relaxed-math,768,1.46652
   clBlas, 1,16,-cl-std=CL1.2 -cl-fast-relaxed-math,1280,0.19843
myGEMM.cl, 1,16,-cl-std=CL1.2 -cl-fast-relaxed-math,1280,6.49844
   clBlas, 1,16,-cl-std=CL1.2 -cl-fast-relaxed-math,1792,0.19732
myGEMM.cl, 1,16,-cl-std=CL1.2 -cl-fast-relaxed-math,1792,18.63805
   clBlas, 2, 4,-cl-std=CL1.2 -cl-fast-relaxed-math,256,0.02662
myGEMM.cl, 2, 4,-cl-std=CL1.2 -cl-fast-relaxed-math,256,0.03175
   clBlas, 2, 4,-cl-std=CL1.2 -cl-fast-relaxed-math,768,0.12725
myGEMM.cl, 2, 4,-cl-std=CL1.2 -cl-fast-relaxed-math,768,0.82247
   clBlas, 2, 4,-cl-std=CL1.2 -cl-fast-relaxed-math,1280,0.19928
myGEMM.cl, 2, 4,-cl-std=CL1.2 -cl-fast-relaxed-math,1280,3.80653
   clBlas, 2, 4,-cl-std=CL1.2 -cl-fast-relaxed-math,1792,0.19975
myGEMM.cl, 2, 4,-cl-std=CL1.2 -cl-fast-relaxed-math,1792,10.43536
   clBlas, 2, 8,-cl-std=CL1.2 -cl-fast-relaxed-math,256,0.02632
myGEMM.cl, 2, 8,-cl-std=CL1.2 -cl-fast-relaxed-math,256,0.02901
   clBlas, 2, 8,-cl-std=CL1.2 -cl-fast-relaxed-math,768,0.12886
myGEMM.cl, 2, 8,-cl-std=CL1.2 -cl-fast-relaxed-math,768,0.82098
   clBlas, 2, 8,-cl-std=CL1.2 -cl-fast-relaxed-math,1280,0.19866
myGEMM.cl, 2, 8,-cl-std=CL1.2 -cl-fast-relaxed-math,1280,3.68269
   clBlas, 2, 8,-cl-std=CL1.2 -cl-fast-relaxed-math,1792,0.20019
myGEMM.cl, 2, 8,-cl-std=CL1.2 -cl-fast-relaxed-math,1792,10.01761
   clBlas, 2,16,-cl-std=CL1.2 -cl-fast-relaxed-math,256,0.02620
myGEMM.cl, 2,16,-cl-std=CL1.2 -cl-fast-relaxed-math,256,0.01851
   clBlas, 2,16,-cl-std=CL1.2 -cl-fast-relaxed-math,768,0.12739
myGEMM.cl, 2,16,-cl-std=CL1.2 -cl-fast-relaxed-math,768,0.47595
   clBlas, 2,16,-cl-std=CL1.2 -cl-fast-relaxed-math,1280,0.19898
myGEMM.cl, 2,16,-cl-std=CL1.2 -cl-fast-relaxed-math,1280,2.18662
   clBlas, 2,16,-cl-std=CL1.2 -cl-fast-relaxed-math,1792,0.19646
myGEMM.cl, 2,16,-cl-std=CL1.2 -cl-fast-relaxed-math,1792,5.83453
   clBlas, 1, 4,-cl-std=CL1.2,256,0.02635
myGEMM.cl, 1, 4,-cl-std=CL1.2,256,0.05114
   clBlas, 1, 4,-cl-std=CL1.2,768,0.14651
myGEMM.cl, 1, 4,-cl-std=CL1.2,768,1.40794
   clBlas, 1, 4,-cl-std=CL1.2,1280,0.19518
myGEMM.cl, 1, 4,-cl-std=CL1.2,1280,6.52446
   clBlas, 1, 4,-cl-std=CL1.2,1792,0.19560
myGEMM.cl, 1, 4,-cl-std=CL1.2,1792,18.39616
   clBlas, 1, 8,-cl-std=CL1.2,256,0.02623
myGEMM.cl, 1, 8,-cl-std=CL1.2,256,0.05342
   clBlas, 1, 8,-cl-std=CL1.2,768,0.12502
myGEMM.cl, 1, 8,-cl-std=CL1.2,768,1.38460
   clBlas, 1, 8,-cl-std=CL1.2,1280,0.19459
myGEMM.cl, 1, 8,-cl-std=CL1.2,1280,6.32760
   clBlas, 1, 8,-cl-std=CL1.2,1792,0.19478
myGEMM.cl, 1, 8,-cl-std=CL1.2,1792,17.96475
   clBlas, 1,16,-cl-std=CL1.2,256,0.02649
myGEMM.cl, 1,16,-cl-std=CL1.2,256,0.05510
   clBlas, 1,16,-cl-std=CL1.2,768,0.12703
myGEMM.cl, 1,16,-cl-std=CL1.2,768,1.46678
   clBlas, 1,16,-cl-std=CL1.2,1280,0.19299
myGEMM.cl, 1,16,-cl-std=CL1.2,1280,6.46743
   clBlas, 1,16,-cl-std=CL1.2,1792,0.19233
myGEMM.cl, 1,16,-cl-std=CL1.2,1792,18.62466
   clBlas, 2, 4,-cl-std=CL1.2,256,0.02641
myGEMM.cl, 2, 4,-cl-std=CL1.2,256,0.02364
   clBlas, 2, 4,-cl-std=CL1.2,768,0.12284
myGEMM.cl, 2, 4,-cl-std=CL1.2,768,0.63689
   clBlas, 2, 4,-cl-std=CL1.2,1280,0.19332
myGEMM.cl, 2, 4,-cl-std=CL1.2,1280,3.01915
   clBlas, 2, 4,-cl-std=CL1.2,1792,0.19229
myGEMM.cl, 2, 4,-cl-std=CL1.2,1792,8.28374
   clBlas, 2, 8,-cl-std=CL1.2,256,0.02635
myGEMM.cl, 2, 8,-cl-std=CL1.2,256,0.02898
   clBlas, 2, 8,-cl-std=CL1.2,768,0.12323
myGEMM.cl, 2, 8,-cl-std=CL1.2,768,0.80346
   clBlas, 2, 8,-cl-std=CL1.2,1280,0.19244
myGEMM.cl, 2, 8,-cl-std=CL1.2,1280,3.64260
   clBlas, 2, 8,-cl-std=CL1.2,1792,0.19162
myGEMM.cl, 2, 8,-cl-std=CL1.2,1792,10.11141
   clBlas, 2,16,-cl-std=CL1.2,256,0.02645
myGEMM.cl, 2,16,-cl-std=CL1.2,256,0.01856
   clBlas, 2,16,-cl-std=CL1.2,768,0.12454
myGEMM.cl, 2,16,-cl-std=CL1.2,768,0.46953
   clBlas, 2,16,-cl-std=CL1.2,1280,0.19225
myGEMM.cl, 2,16,-cl-std=CL1.2,1280,2.18327
   clBlas, 2,16,-cl-std=CL1.2,1792,0.19620
myGEMM.cl, 2,16,-cl-std=CL1.2,1792,5.90414
   clBlas, 1, 4,-cl-std=CL1.2 -cl-fast-relaxed-math,256,0.02638
myGEMM.cl, 1, 4,-cl-std=CL1.2 -cl-fast-relaxed-math,256,0.05173
   clBlas, 1, 4,-cl-std=CL1.2 -cl-fast-relaxed-math,768,0.12278
myGEMM.cl, 1, 4,-cl-std=CL1.2 -cl-fast-relaxed-math,768,1.41545
   clBlas, 1, 4,-cl-std=CL1.2 -cl-fast-relaxed-math,1280,0.21150
myGEMM.cl, 1, 4,-cl-std=CL1.2 -cl-fast-relaxed-math,1280,6.50234
   clBlas, 1, 4,-cl-std=CL1.2 -cl-fast-relaxed-math,1792,0.19300
myGEMM.cl, 1, 4,-cl-std=CL1.2 -cl-fast-relaxed-math,1792,18.39453
   clBlas, 1, 8,-cl-std=CL1.2 -cl-fast-relaxed-math,256,0.02630
myGEMM.cl, 1, 8,-cl-std=CL1.2 -cl-fast-relaxed-math,256,0.05165
   clBlas, 1, 8,-cl-std=CL1.2 -cl-fast-relaxed-math,768,0.12298
myGEMM.cl, 1, 8,-cl-std=CL1.2 -cl-fast-relaxed-math,768,1.38504
   clBlas, 1, 8,-cl-std=CL1.2 -cl-fast-relaxed-math,1280,0.19218
myGEMM.cl, 1, 8,-cl-std=CL1.2 -cl-fast-relaxed-math,1280,6.35896
   clBlas, 1, 8,-cl-std=CL1.2 -cl-fast-relaxed-math,1792,0.19373
myGEMM.cl, 1, 8,-cl-std=CL1.2 -cl-fast-relaxed-math,1792,17.87224
   clBlas, 1,16,-cl-std=CL1.2 -cl-fast-relaxed-math,256,0.02650
myGEMM.cl, 1,16,-cl-std=CL1.2 -cl-fast-relaxed-math,256,0.05551
   clBlas, 1,16,-cl-std=CL1.2 -cl-fast-relaxed-math,768,0.12446
myGEMM.cl, 1,16,-cl-std=CL1.2 -cl-fast-relaxed-math,768,1.44890
   clBlas, 1,16,-cl-std=CL1.2 -cl-fast-relaxed-math,1280,0.19698
myGEMM.cl, 1,16,-cl-std=CL1.2 -cl-fast-relaxed-math,1280,6.60626
   clBlas, 1,16,-cl-std=CL1.2 -cl-fast-relaxed-math,1792,0.19545
myGEMM.cl, 1,16,-cl-std=CL1.2 -cl-fast-relaxed-math,1792,18.60538
   clBlas, 2, 4,-cl-std=CL1.2 -cl-fast-relaxed-math,256,0.02642
myGEMM.cl, 2, 4,-cl-std=CL1.2 -cl-fast-relaxed-math,256,0.03196
   clBlas, 2, 4,-cl-std=CL1.2 -cl-fast-relaxed-math,768,0.12352
myGEMM.cl, 2, 4,-cl-std=CL1.2 -cl-fast-relaxed-math,768,0.82250
   clBlas, 2, 4,-cl-std=CL1.2 -cl-fast-relaxed-math,1280,0.19474
myGEMM.cl, 2, 4,-cl-std=CL1.2 -cl-fast-relaxed-math,1280,3.81733
   clBlas, 2, 4,-cl-std=CL1.2 -cl-fast-relaxed-math,1792,0.19341
myGEMM.cl, 2, 4,-cl-std=CL1.2 -cl-fast-relaxed-math,1792,10.49604
   clBlas, 2, 8,-cl-std=CL1.2 -cl-fast-relaxed-math,256,0.02624
myGEMM.cl, 2, 8,-cl-std=CL1.2 -cl-fast-relaxed-math,256,0.02984
   clBlas, 2, 8,-cl-std=CL1.2 -cl-fast-relaxed-math,768,0.12448
myGEMM.cl, 2, 8,-cl-std=CL1.2 -cl-fast-relaxed-math,768,0.81982
   clBlas, 2, 8,-cl-std=CL1.2 -cl-fast-relaxed-math,1280,0.19170
myGEMM.cl, 2, 8,-cl-std=CL1.2 -cl-fast-relaxed-math,1280,3.67250
   clBlas, 2, 8,-cl-std=CL1.2 -cl-fast-relaxed-math,1792,0.19203
myGEMM.cl, 2, 8,-cl-std=CL1.2 -cl-fast-relaxed-math,1792,9.92003
   clBlas, 2,16,-cl-std=CL1.2 -cl-fast-relaxed-math,256,0.02655
myGEMM.cl, 2,16,-cl-std=CL1.2 -cl-fast-relaxed-math,256,0.01890
   clBlas, 2,16,-cl-std=CL1.2 -cl-fast-relaxed-math,768,0.12440
myGEMM.cl, 2,16,-cl-std=CL1.2 -cl-fast-relaxed-math,768,0.47227
   clBlas, 2,16,-cl-std=CL1.2 -cl-fast-relaxed-math,1280,0.19420
myGEMM.cl, 2,16,-cl-std=CL1.2 -cl-fast-relaxed-math,1280,2.17452
   clBlas, 2,16,-cl-std=CL1.2 -cl-fast-relaxed-math,1792,0.19453
myGEMM.cl, 2,16,-cl-std=CL1.2 -cl-fast-relaxed-math,1792,6.03968
   clBlas, 3, 8,-cl-std=CL1.2,256,0.02629
myGEMM.cl, 3, 8,-cl-std=CL1.2,256,0.03037
   clBlas, 3, 8,-cl-std=CL1.2,768,0.12643
myGEMM.cl, 3, 8,-cl-std=CL1.2,768,0.78317
   clBlas, 3, 8,-cl-std=CL1.2,1280,0.19325
myGEMM.cl, 3, 8,-cl-std=CL1.2,1280,3.73767
   clBlas, 3, 8,-cl-std=CL1.2,1792,0.19365
myGEMM.cl, 3, 8,-cl-std=CL1.2,1792,10.39420
   clBlas, 3,16,-cl-std=CL1.2,256,0.02634
myGEMM.cl, 3,16,-cl-std=CL1.2,256,0.02906
   clBlas, 3,16,-cl-std=CL1.2,768,0.12699
myGEMM.cl, 3,16,-cl-std=CL1.2,768,0.71909
   clBlas, 3,16,-cl-std=CL1.2,1280,0.20008
myGEMM.cl, 3,16,-cl-std=CL1.2,1280,3.42958
   clBlas, 3,16,-cl-std=CL1.2,1792,0.19745
myGEMM.cl, 3,16,-cl-std=CL1.2,1792,9.12150
   clBlas, 3,32,-cl-std=CL1.2,256,0.02634
myGEMM.cl, 3,32,-cl-std=CL1.2,256,0.04180
   clBlas, 3,32,-cl-std=CL1.2,768,0.12481
myGEMM.cl, 3,32,-cl-std=CL1.2,768,1.03486
   clBlas, 3,32,-cl-std=CL1.2,1280,0.19556
myGEMM.cl, 3,32,-cl-std=CL1.2,1280,4.75396
   clBlas, 3,32,-cl-std=CL1.2,1792,0.19392
myGEMM.cl, 3,32,-cl-std=CL1.2,1792,13.22603
   clBlas, 4, 8,-cl-std=CL1.2,256,0.02640
myGEMM.cl, 4, 8,-cl-std=CL1.2,256,0.00791
   clBlas, 4, 8,-cl-std=CL1.2,768,0.12425
myGEMM.cl, 4, 8,-cl-std=CL1.2,768,0.19842
   clBlas, 4, 8,-cl-std=CL1.2,1280,0.19493
myGEMM.cl, 4, 8,-cl-std=CL1.2,1280,0.97857
   clBlas, 4, 8,-cl-std=CL1.2,1792,0.19378
myGEMM.cl, 4, 8,-cl-std=CL1.2,1792,2.60551
   clBlas, 4,16,-cl-std=CL1.2,256,0.02629
myGEMM.cl, 4,16,-cl-std=CL1.2,256,0.00737
   clBlas, 4,16,-cl-std=CL1.2,768,0.12624
myGEMM.cl, 4,16,-cl-std=CL1.2,768,0.16228
   clBlas, 4,16,-cl-std=CL1.2,1280,0.19433
myGEMM.cl, 4,16,-cl-std=CL1.2,1280,0.74481
   clBlas, 4,16,-cl-std=CL1.2,1792,0.19276
myGEMM.cl, 4,16,-cl-std=CL1.2,1792,2.03328
   clBlas, 4,32,-cl-std=CL1.2,256,0.02647
myGEMM.cl, 4,32,-cl-std=CL1.2,256,0.00713
   clBlas, 4,32,-cl-std=CL1.2,768,0.12537
myGEMM.cl, 4,32,-cl-std=CL1.2,768,0.15817
   clBlas, 4,32,-cl-std=CL1.2,1280,0.19625
myGEMM.cl, 4,32,-cl-std=CL1.2,1280,0.72456
   clBlas, 4,32,-cl-std=CL1.2,1792,0.19671
myGEMM.cl, 4,32,-cl-std=CL1.2,1792,1.98501
   clBlas, 5, 8,-cl-std=CL1.2,256,0.02651
myGEMM.cl, 5, 8,-cl-std=CL1.2,256,0.06465
   clBlas, 5, 8,-cl-std=CL1.2,768,0.12659
myGEMM.cl, 5, 8,-cl-std=CL1.2,768,1.85628
   clBlas, 5, 8,-cl-std=CL1.2,1280,0.19715
myGEMM.cl, 5, 8,-cl-std=CL1.2,1280,8.12811
   clBlas, 5, 8,-cl-std=CL1.2,1792,0.19751
myGEMM.cl, 5, 8,-cl-std=CL1.2,1792,22.25004
   clBlas, 5,16,-cl-std=CL1.2,256,0.02648
myGEMM.cl, 5,16,-cl-std=CL1.2,256,0.04328
   clBlas, 5,16,-cl-std=CL1.2,768,0.12441
myGEMM.cl, 5,16,-cl-std=CL1.2,768,1.04762
   clBlas, 5,16,-cl-std=CL1.2,1280,0.19563
myGEMM.cl, 5,16,-cl-std=CL1.2,1280,4.82614
   clBlas, 5,16,-cl-std=CL1.2,1792,0.19603
myGEMM.cl, 5,16,-cl-std=CL1.2,1792,13.06097
   clBlas, 5,32,-cl-std=CL1.2,256,0.02617
myGEMM.cl, 5,32,-cl-std=CL1.2,256,0.00824
   clBlas, 5,32,-cl-std=CL1.2,768,0.12381
myGEMM.cl, 5,32,-cl-std=CL1.2,768,0.17138
   clBlas, 5,32,-cl-std=CL1.2,1280,0.19377
myGEMM.cl, 5,32,-cl-std=CL1.2,1280,0.78396
   clBlas, 5,32,-cl-std=CL1.2,1792,0.19647
myGEMM.cl, 5,32,-cl-std=CL1.2,1792,2.15939
   clBlas, 6, 8,-cl-std=CL1.2,256,0.02641
myGEMM.cl, 6, 8,-cl-std=CL1.2,256,0.19890
   clBlas, 6, 8,-cl-std=CL1.2,768,0.12798
myGEMM.cl, 6, 8,-cl-std=CL1.2,768,5.20565
   clBlas, 6, 8,-cl-std=CL1.2,1280,0.19912
myGEMM.cl, 6, 8,-cl-std=CL1.2,1280,24.30496
   clBlas, 6, 8,-cl-std=CL1.2,1792,0.19744
myGEMM.cl, 6, 8,-cl-std=CL1.2,1792,66.44993
   clBlas, 6,16,-cl-std=CL1.2,256,0.02624
myGEMM.cl, 6,16,-cl-std=CL1.2,256,0.14404
   clBlas, 6,16,-cl-std=CL1.2,768,0.12499
myGEMM.cl, 6,16,-cl-std=CL1.2,768,3.98297
   clBlas, 6,16,-cl-std=CL1.2,1280,0.19395
myGEMM.cl, 6,16,-cl-std=CL1.2,1280,18.37935
   clBlas, 6,16,-cl-std=CL1.2,1792,0.19504
myGEMM.cl, 6,16,-cl-std=CL1.2,1792,49.51828
   clBlas, 6,32,-cl-std=CL1.2,256,0.02637
myGEMM.cl, 6,32,-cl-std=CL1.2,256,0.14047
   clBlas, 6,32,-cl-std=CL1.2,768,0.12537
myGEMM.cl, 6,32,-cl-std=CL1.2,768,3.90230
   clBlas, 6,32,-cl-std=CL1.2,1280,0.19691
myGEMM.cl, 6,32,-cl-std=CL1.2,1280,18.49722
   clBlas, 6,32,-cl-std=CL1.2,1792,0.19862
myGEMM.cl, 6,32,-cl-std=CL1.2,1792,46.69536
   clBlas, 7, 8,-cl-std=CL1.2,256,0.02615
myGEMM.cl, 7, 8,-cl-std=CL1.2,256,0.19760
   clBlas, 7, 8,-cl-std=CL1.2,768,0.12986
myGEMM.cl, 7, 8,-cl-std=CL1.2,768,5.26505
   clBlas, 7, 8,-cl-std=CL1.2,1280,0.21874
myGEMM.cl, 7, 8,-cl-std=CL1.2,1280,24.36335
   clBlas, 7, 8,-cl-std=CL1.2,1792,0.19763
myGEMM.cl, 7, 8,-cl-std=CL1.2,1792,65.87284
   clBlas, 7,16,-cl-std=CL1.2,256,0.02644
myGEMM.cl, 7,16,-cl-std=CL1.2,256,0.16031
   clBlas, 7,16,-cl-std=CL1.2,768,0.12525
myGEMM.cl, 7,16,-cl-std=CL1.2,768,4.52160
   clBlas, 7,16,-cl-std=CL1.2,1280,0.19812
myGEMM.cl, 7,16,-cl-std=CL1.2,1280,20.46576
   clBlas, 7,16,-cl-std=CL1.2,1792,0.19668
myGEMM.cl, 7,16,-cl-std=CL1.2,1792,55.62884
   clBlas, 7,32,-cl-std=CL1.2,256,0.02639
myGEMM.cl, 7,32,-cl-std=CL1.2,256,0.16401
   clBlas, 7,32,-cl-std=CL1.2,768,0.13177
myGEMM.cl, 7,32,-cl-std=CL1.2,768,4.21841
   clBlas, 7,32,-cl-std=CL1.2,1280,0.19603
myGEMM.cl, 7,32,-cl-std=CL1.2,1280,20.14951
   clBlas, 7,32,-cl-std=CL1.2,1792,0.19719
myGEMM.cl, 7,32,-cl-std=CL1.2,1792,56.43825
   clBlas, 3, 8,-cl-std=CL1.2 -cl-fast-relaxed-math,256,0.02630
myGEMM.cl, 3, 8,-cl-std=CL1.2 -cl-fast-relaxed-math,256,0.03021
   clBlas, 3, 8,-cl-std=CL1.2 -cl-fast-relaxed-math,768,0.12610
myGEMM.cl, 3, 8,-cl-std=CL1.2 -cl-fast-relaxed-math,768,0.77575
   clBlas, 3, 8,-cl-std=CL1.2 -cl-fast-relaxed-math,1280,0.19635
myGEMM.cl, 3, 8,-cl-std=CL1.2 -cl-fast-relaxed-math,1280,3.48314
   clBlas, 3, 8,-cl-std=CL1.2 -cl-fast-relaxed-math,1792,0.19700
myGEMM.cl, 3, 8,-cl-std=CL1.2 -cl-fast-relaxed-math,1792,10.33247
   clBlas, 3,16,-cl-std=CL1.2 -cl-fast-relaxed-math,256,0.02645
myGEMM.cl, 3,16,-cl-std=CL1.2 -cl-fast-relaxed-math,256,0.02942
   clBlas, 3,16,-cl-std=CL1.2 -cl-fast-relaxed-math,768,0.12287
myGEMM.cl, 3,16,-cl-std=CL1.2 -cl-fast-relaxed-math,768,0.70396
   clBlas, 3,16,-cl-std=CL1.2 -cl-fast-relaxed-math,1280,0.19433
myGEMM.cl, 3,16,-cl-std=CL1.2 -cl-fast-relaxed-math,1280,3.47818
   clBlas, 3,16,-cl-std=CL1.2 -cl-fast-relaxed-math,1792,0.19436
myGEMM.cl, 3,16,-cl-std=CL1.2 -cl-fast-relaxed-math,1792,9.28083
   clBlas, 3,32,-cl-std=CL1.2 -cl-fast-relaxed-math,256,0.02640
myGEMM.cl, 3,32,-cl-std=CL1.2 -cl-fast-relaxed-math,256,0.04346
   clBlas, 3,32,-cl-std=CL1.2 -cl-fast-relaxed-math,768,0.12580
myGEMM.cl, 3,32,-cl-std=CL1.2 -cl-fast-relaxed-math,768,1.04125
   clBlas, 3,32,-cl-std=CL1.2 -cl-fast-relaxed-math,1280,0.19790
myGEMM.cl, 3,32,-cl-std=CL1.2 -cl-fast-relaxed-math,1280,5.01004
   clBlas, 3,32,-cl-std=CL1.2 -cl-fast-relaxed-math,1792,0.19723
myGEMM.cl, 3,32,-cl-std=CL1.2 -cl-fast-relaxed-math,1792,13.86652
   clBlas, 4, 8,-cl-std=CL1.2 -cl-fast-relaxed-math,256,0.02641
myGEMM.cl, 4, 8,-cl-std=CL1.2 -cl-fast-relaxed-math,256,0.00793
   clBlas, 4, 8,-cl-std=CL1.2 -cl-fast-relaxed-math,768,0.12513
myGEMM.cl, 4, 8,-cl-std=CL1.2 -cl-fast-relaxed-math,768,0.19824
   clBlas, 4, 8,-cl-std=CL1.2 -cl-fast-relaxed-math,1280,0.20053
myGEMM.cl, 4, 8,-cl-std=CL1.2 -cl-fast-relaxed-math,1280,0.98932
   clBlas, 4, 8,-cl-std=CL1.2 -cl-fast-relaxed-math,1792,0.19377
myGEMM.cl, 4, 8,-cl-std=CL1.2 -cl-fast-relaxed-math,1792,2.63206
   clBlas, 4,16,-cl-std=CL1.2 -cl-fast-relaxed-math,256,0.02632
myGEMM.cl, 4,16,-cl-std=CL1.2 -cl-fast-relaxed-math,256,0.00732
   clBlas, 4,16,-cl-std=CL1.2 -cl-fast-relaxed-math,768,0.12753
myGEMM.cl, 4,16,-cl-std=CL1.2 -cl-fast-relaxed-math,768,0.16202
   clBlas, 4,16,-cl-std=CL1.2 -cl-fast-relaxed-math,1280,0.20036
myGEMM.cl, 4,16,-cl-std=CL1.2 -cl-fast-relaxed-math,1280,0.74629
   clBlas, 4,16,-cl-std=CL1.2 -cl-fast-relaxed-math,1792,0.19994
myGEMM.cl, 4,16,-cl-std=CL1.2 -cl-fast-relaxed-math,1792,2.03477
   clBlas, 4,32,-cl-std=CL1.2 -cl-fast-relaxed-math,256,0.02636
myGEMM.cl, 4,32,-cl-std=CL1.2 -cl-fast-relaxed-math,256,0.00705
   clBlas, 4,32,-cl-std=CL1.2 -cl-fast-relaxed-math,768,0.12508
myGEMM.cl, 4,32,-cl-std=CL1.2 -cl-fast-relaxed-math,768,0.15776
   clBlas, 4,32,-cl-std=CL1.2 -cl-fast-relaxed-math,1280,0.19624
myGEMM.cl, 4,32,-cl-std=CL1.2 -cl-fast-relaxed-math,1280,0.72560
   clBlas, 4,32,-cl-std=CL1.2 -cl-fast-relaxed-math,1792,0.19679
myGEMM.cl, 4,32,-cl-std=CL1.2 -cl-fast-relaxed-math,1792,1.99320
   clBlas, 5, 8,-cl-std=CL1.2 -cl-fast-relaxed-math,256,0.02623
myGEMM.cl, 5, 8,-cl-std=CL1.2 -cl-fast-relaxed-math,256,0.06817
   clBlas, 5, 8,-cl-std=CL1.2 -cl-fast-relaxed-math,768,0.12621
myGEMM.cl, 5, 8,-cl-std=CL1.2 -cl-fast-relaxed-math,768,1.71821
   clBlas, 5, 8,-cl-std=CL1.2 -cl-fast-relaxed-math,1280,0.20952
myGEMM.cl, 5, 8,-cl-std=CL1.2 -cl-fast-relaxed-math,1280,8.09395
   clBlas, 5, 8,-cl-std=CL1.2 -cl-fast-relaxed-math,1792,0.19456
myGEMM.cl, 5, 8,-cl-std=CL1.2 -cl-fast-relaxed-math,1792,22.93966
   clBlas, 5,16,-cl-std=CL1.2 -cl-fast-relaxed-math,256,0.02621
myGEMM.cl, 5,16,-cl-std=CL1.2 -cl-fast-relaxed-math,256,0.04459
   clBlas, 5,16,-cl-std=CL1.2 -cl-fast-relaxed-math,768,0.12345
myGEMM.cl, 5,16,-cl-std=CL1.2 -cl-fast-relaxed-math,768,1.02740
   clBlas, 5,16,-cl-std=CL1.2 -cl-fast-relaxed-math,1280,0.19644
myGEMM.cl, 5,16,-cl-std=CL1.2 -cl-fast-relaxed-math,1280,5.09492
   clBlas, 5,16,-cl-std=CL1.2 -cl-fast-relaxed-math,1792,0.19440
myGEMM.cl, 5,16,-cl-std=CL1.2 -cl-fast-relaxed-math,1792,13.16936
   clBlas, 5,32,-cl-std=CL1.2 -cl-fast-relaxed-math,256,0.02640
myGEMM.cl, 5,32,-cl-std=CL1.2 -cl-fast-relaxed-math,256,0.00885
   clBlas, 5,32,-cl-std=CL1.2 -cl-fast-relaxed-math,768,0.12490
myGEMM.cl, 5,32,-cl-std=CL1.2 -cl-fast-relaxed-math,768,0.17360
   clBlas, 5,32,-cl-std=CL1.2 -cl-fast-relaxed-math,1280,0.19936
myGEMM.cl, 5,32,-cl-std=CL1.2 -cl-fast-relaxed-math,1280,0.78467
   clBlas, 5,32,-cl-std=CL1.2 -cl-fast-relaxed-math,1792,0.20117
myGEMM.cl, 5,32,-cl-std=CL1.2 -cl-fast-relaxed-math,1792,2.16105
   clBlas, 6, 8,-cl-std=CL1.2 -cl-fast-relaxed-math,256,0.02631
myGEMM.cl, 6, 8,-cl-std=CL1.2 -cl-fast-relaxed-math,256,0.19161
   clBlas, 6, 8,-cl-std=CL1.2 -cl-fast-relaxed-math,768,0.12398
myGEMM.cl, 6, 8,-cl-std=CL1.2 -cl-fast-relaxed-math,768,5.13721
   clBlas, 6, 8,-cl-std=CL1.2 -cl-fast-relaxed-math,1280,0.19546
myGEMM.cl, 6, 8,-cl-std=CL1.2 -cl-fast-relaxed-math,1280,23.85421
   clBlas, 6, 8,-cl-std=CL1.2 -cl-fast-relaxed-math,1792,0.19449
myGEMM.cl, 6, 8,-cl-std=CL1.2 -cl-fast-relaxed-math,1792,65.65503
   clBlas, 6,16,-cl-std=CL1.2 -cl-fast-relaxed-math,256,0.02643
myGEMM.cl, 6,16,-cl-std=CL1.2 -cl-fast-relaxed-math,256,0.14729
   clBlas, 6,16,-cl-std=CL1.2 -cl-fast-relaxed-math,768,0.12637
myGEMM.cl, 6,16,-cl-std=CL1.2 -cl-fast-relaxed-math,768,3.82954
   clBlas, 6,16,-cl-std=CL1.2 -cl-fast-relaxed-math,1280,0.19934
myGEMM.cl, 6,16,-cl-std=CL1.2 -cl-fast-relaxed-math,1280,17.63748
   clBlas, 6,16,-cl-std=CL1.2 -cl-fast-relaxed-math,1792,0.19922
myGEMM.cl, 6,16,-cl-std=CL1.2 -cl-fast-relaxed-math,1792,48.64453
   clBlas, 6,32,-cl-std=CL1.2 -cl-fast-relaxed-math,256,0.02644
myGEMM.cl, 6,32,-cl-std=CL1.2 -cl-fast-relaxed-math,256,0.15298
   clBlas, 6,32,-cl-std=CL1.2 -cl-fast-relaxed-math,768,0.13268
myGEMM.cl, 6,32,-cl-std=CL1.2 -cl-fast-relaxed-math,768,3.78238
   clBlas, 6,32,-cl-std=CL1.2 -cl-fast-relaxed-math,1280,0.19452
myGEMM.cl, 6,32,-cl-std=CL1.2 -cl-fast-relaxed-math,1280,18.43427
   clBlas, 6,32,-cl-std=CL1.2 -cl-fast-relaxed-math,1792,0.19708
myGEMM.cl, 6,32,-cl-std=CL1.2 -cl-fast-relaxed-math,1792,50.41409
   clBlas, 7, 8,-cl-std=CL1.2 -cl-fast-relaxed-math,256,0.02639
myGEMM.cl, 7, 8,-cl-std=CL1.2 -cl-fast-relaxed-math,256,0.19791
   clBlas, 7, 8,-cl-std=CL1.2 -cl-fast-relaxed-math,768,0.12865
myGEMM.cl, 7, 8,-cl-std=CL1.2 -cl-fast-relaxed-math,768,5.21395
   clBlas, 7, 8,-cl-std=CL1.2 -cl-fast-relaxed-math,1280,0.20988
myGEMM.cl, 7, 8,-cl-std=CL1.2 -cl-fast-relaxed-math,1280,24.00240
   clBlas, 7, 8,-cl-std=CL1.2 -cl-fast-relaxed-math,1792,0.19903
myGEMM.cl, 7, 8,-cl-std=CL1.2 -cl-fast-relaxed-math,1792,66.92607
   clBlas, 7,16,-cl-std=CL1.2 -cl-fast-relaxed-math,256,0.02630
myGEMM.cl, 7,16,-cl-std=CL1.2 -cl-fast-relaxed-math,256,0.16598
   clBlas, 7,16,-cl-std=CL1.2 -cl-fast-relaxed-math,768,0.12238
myGEMM.cl, 7,16,-cl-std=CL1.2 -cl-fast-relaxed-math,768,4.45554
   clBlas, 7,16,-cl-std=CL1.2 -cl-fast-relaxed-math,1280,0.21519
myGEMM.cl, 7,16,-cl-std=CL1.2 -cl-fast-relaxed-math,1280,20.27497
   clBlas, 7,16,-cl-std=CL1.2 -cl-fast-relaxed-math,1792,0.21140
myGEMM.cl, 7,16,-cl-std=CL1.2 -cl-fast-relaxed-math,1792,54.96919
   clBlas, 7,32,-cl-std=CL1.2 -cl-fast-relaxed-math,256,0.02638
myGEMM.cl, 7,32,-cl-std=CL1.2 -cl-fast-relaxed-math,256,0.16114
   clBlas, 7,32,-cl-std=CL1.2 -cl-fast-relaxed-math,768,0.12525
myGEMM.cl, 7,32,-cl-std=CL1.2 -cl-fast-relaxed-math,768,4.48432
   clBlas, 7,32,-cl-std=CL1.2 -cl-fast-relaxed-math,1280,0.19644
myGEMM.cl, 7,32,-cl-std=CL1.2 -cl-fast-relaxed-math,1280,20.23482
   clBlas, 7,32,-cl-std=CL1.2 -cl-fast-relaxed-math,1792,0.20089
myGEMM.cl, 7,32,-cl-std=CL1.2 -cl-fast-relaxed-math,1792,55.59145
   clBlas, 3, 8,-cl-std=CL1.2,256,0.02632
myGEMM.cl, 3, 8,-cl-std=CL1.2,256,0.01156
   clBlas, 3, 8,-cl-std=CL1.2,768,0.12918
myGEMM.cl, 3, 8,-cl-std=CL1.2,768,0.29329
   clBlas, 3, 8,-cl-std=CL1.2,1280,0.19382
myGEMM.cl, 3, 8,-cl-std=CL1.2,1280,1.38861
   clBlas, 3, 8,-cl-std=CL1.2,1792,0.19474
myGEMM.cl, 3, 8,-cl-std=CL1.2,1792,3.95859
   clBlas, 3,16,-cl-std=CL1.2,256,0.02634
myGEMM.cl, 3,16,-cl-std=CL1.2,256,0.00848
   clBlas, 3,16,-cl-std=CL1.2,768,0.12502
myGEMM.cl, 3,16,-cl-std=CL1.2,768,0.19918
   clBlas, 3,16,-cl-std=CL1.2,1280,0.19627
myGEMM.cl, 3,16,-cl-std=CL1.2,1280,0.97262
   clBlas, 3,16,-cl-std=CL1.2,1792,0.19270
myGEMM.cl, 3,16,-cl-std=CL1.2,1792,2.51927
   clBlas, 3,32,-cl-std=CL1.2,256,0.02620
myGEMM.cl, 3,32,-cl-std=CL1.2,256,0.00787
   clBlas, 3,32,-cl-std=CL1.2,768,0.12598
myGEMM.cl, 3,32,-cl-std=CL1.2,768,0.18869
   clBlas, 3,32,-cl-std=CL1.2,1280,0.19538
myGEMM.cl, 3,32,-cl-std=CL1.2,1280,0.88032
   clBlas, 3,32,-cl-std=CL1.2,1792,0.21803
myGEMM.cl, 3,32,-cl-std=CL1.2,1792,2.42169
   clBlas, 4, 8,-cl-std=CL1.2,256,0.02628
myGEMM.cl, 4, 8,-cl-std=CL1.2,256,0.00788
   clBlas, 4, 8,-cl-std=CL1.2,768,0.12660
myGEMM.cl, 4, 8,-cl-std=CL1.2,768,0.20385
   clBlas, 4, 8,-cl-std=CL1.2,1280,0.20426
myGEMM.cl, 4, 8,-cl-std=CL1.2,1280,0.92754
   clBlas, 4, 8,-cl-std=CL1.2,1792,0.19604
myGEMM.cl, 4, 8,-cl-std=CL1.2,1792,2.45564
   clBlas, 4,16,-cl-std=CL1.2,256,0.02645
myGEMM.cl, 4,16,-cl-std=CL1.2,256,0.00660
   clBlas, 4,16,-cl-std=CL1.2,768,0.12820
myGEMM.cl, 4,16,-cl-std=CL1.2,768,0.15641
   clBlas, 4,16,-cl-std=CL1.2,1280,0.19597
myGEMM.cl, 4,16,-cl-std=CL1.2,1280,0.72295
   clBlas, 4,16,-cl-std=CL1.2,1792,0.20037
myGEMM.cl, 4,16,-cl-std=CL1.2,1792,1.98215
   clBlas, 4,32,-cl-std=CL1.2,256,0.02628
myGEMM.cl, 4,32,-cl-std=CL1.2,256,0.00696
   clBlas, 4,32,-cl-std=CL1.2,768,0.12365
myGEMM.cl, 4,32,-cl-std=CL1.2,768,0.16740
   clBlas, 4,32,-cl-std=CL1.2,1280,0.19621
myGEMM.cl, 4,32,-cl-std=CL1.2,1280,0.78675
   clBlas, 4,32,-cl-std=CL1.2,1792,0.19934
myGEMM.cl, 4,32,-cl-std=CL1.2,1792,2.15668
   clBlas, 5, 8,-cl-std=CL1.2,256,0.02629
myGEMM.cl, 5, 8,-cl-std=CL1.2,256,0.01781
   clBlas, 5, 8,-cl-std=CL1.2,768,0.12484
myGEMM.cl, 5, 8,-cl-std=CL1.2,768,0.44749
   clBlas, 5, 8,-cl-std=CL1.2,1280,0.19508
myGEMM.cl, 5, 8,-cl-std=CL1.2,1280,2.09423
   clBlas, 5, 8,-cl-std=CL1.2,1792,0.19456
myGEMM.cl, 5, 8,-cl-std=CL1.2,1792,5.82942
   clBlas, 5,16,-cl-std=CL1.2,256,0.02630
myGEMM.cl, 5,16,-cl-std=CL1.2,256,0.00797
   clBlas, 5,16,-cl-std=CL1.2,768,0.12340
myGEMM.cl, 5,16,-cl-std=CL1.2,768,0.18974
   clBlas, 5,16,-cl-std=CL1.2,1280,0.19237
myGEMM.cl, 5,16,-cl-std=CL1.2,1280,0.86108
   clBlas, 5,16,-cl-std=CL1.2,1792,0.19243
myGEMM.cl, 5,16,-cl-std=CL1.2,1792,2.38955
   clBlas, 5,32,-cl-std=CL1.2,256,0.02636
myGEMM.cl, 5,32,-cl-std=CL1.2,256,0.00835
   clBlas, 5,32,-cl-std=CL1.2,768,0.12461
myGEMM.cl, 5,32,-cl-std=CL1.2,768,0.15277
   clBlas, 5,32,-cl-std=CL1.2,1280,0.19453
myGEMM.cl, 5,32,-cl-std=CL1.2,1280,0.67959
   clBlas, 5,32,-cl-std=CL1.2,1792,0.19480
myGEMM.cl, 5,32,-cl-std=CL1.2,1792,1.84510
   clBlas, 6, 8,-cl-std=CL1.2,256,0.02645
myGEMM.cl, 6, 8,-cl-std=CL1.2,256,0.14525
   clBlas, 6, 8,-cl-std=CL1.2,768,0.12384
myGEMM.cl, 6, 8,-cl-std=CL1.2,768,3.90685
   clBlas, 6, 8,-cl-std=CL1.2,1280,0.19308
myGEMM.cl, 6, 8,-cl-std=CL1.2,1280,18.14836
   clBlas, 6, 8,-cl-std=CL1.2,1792,0.19352
myGEMM.cl, 6, 8,-cl-std=CL1.2,1792,48.89889
   clBlas, 6,16,-cl-std=CL1.2,256,0.02612
myGEMM.cl, 6,16,-cl-std=CL1.2,256,0.14206
   clBlas, 6,16,-cl-std=CL1.2,768,0.12383
myGEMM.cl, 6,16,-cl-std=CL1.2,768,4.01837
   clBlas, 6,16,-cl-std=CL1.2,1280,0.19390
myGEMM.cl, 6,16,-cl-std=CL1.2,1280,18.70546
   clBlas, 6,16,-cl-std=CL1.2,1792,0.19503
myGEMM.cl, 6,16,-cl-std=CL1.2,1792,48.21209
   clBlas, 6,32,-cl-std=CL1.2,256,0.02640
myGEMM.cl, 6,32,-cl-std=CL1.2,256,0.14764
   clBlas, 6,32,-cl-std=CL1.2,768,0.13381
myGEMM.cl, 6,32,-cl-std=CL1.2,768,3.92392
   clBlas, 6,32,-cl-std=CL1.2,1280,0.20097
myGEMM.cl, 6,32,-cl-std=CL1.2,1280,18.55404
   clBlas, 6,32,-cl-std=CL1.2,1792,0.19998
myGEMM.cl, 6,32,-cl-std=CL1.2,1792,49.19231
   clBlas, 7, 8,-cl-std=CL1.2,256,0.02634
myGEMM.cl, 7, 8,-cl-std=CL1.2,256,0.16535
   clBlas, 7, 8,-cl-std=CL1.2,768,0.14673
myGEMM.cl, 7, 8,-cl-std=CL1.2,768,4.58789
   clBlas, 7, 8,-cl-std=CL1.2,1280,0.19543
myGEMM.cl, 7, 8,-cl-std=CL1.2,1280,20.19206
   clBlas, 7, 8,-cl-std=CL1.2,1792,0.19278
myGEMM.cl, 7, 8,-cl-std=CL1.2,1792,56.90786
   clBlas, 7,16,-cl-std=CL1.2,256,0.02641
myGEMM.cl, 7,16,-cl-std=CL1.2,256,0.16462
   clBlas, 7,16,-cl-std=CL1.2,768,0.12485
myGEMM.cl, 7,16,-cl-std=CL1.2,768,4.25890
   clBlas, 7,16,-cl-std=CL1.2,1280,0.19263
myGEMM.cl, 7,16,-cl-std=CL1.2,1280,20.00001
   clBlas, 7,16,-cl-std=CL1.2,1792,0.19317
myGEMM.cl, 7,16,-cl-std=CL1.2,1792,57.04274
   clBlas, 7,32,-cl-std=CL1.2,256,0.02630
myGEMM.cl, 7,32,-cl-std=CL1.2,256,0.16159
   clBlas, 7,32,-cl-std=CL1.2,768,0.12603
myGEMM.cl, 7,32,-cl-std=CL1.2,768,4.54443
   clBlas, 7,32,-cl-std=CL1.2,1280,0.19731
myGEMM.cl, 7,32,-cl-std=CL1.2,1280,20.93330
   clBlas, 7,32,-cl-std=CL1.2,1792,0.19619
myGEMM.cl, 7,32,-cl-std=CL1.2,1792,55.00892
   clBlas, 3, 8,-cl-std=CL1.2,256,0.02652
myGEMM.cl, 3, 8,-cl-std=CL1.2,256,0.01162
   clBlas, 3, 8,-cl-std=CL1.2,768,0.12515
myGEMM.cl, 3, 8,-cl-std=CL1.2,768,0.29346
   clBlas, 3, 8,-cl-std=CL1.2,1280,0.19474
myGEMM.cl, 3, 8,-cl-std=CL1.2,1280,1.38102
   clBlas, 3, 8,-cl-std=CL1.2,1792,0.19434
myGEMM.cl, 3, 8,-cl-std=CL1.2,1792,3.85504
   clBlas, 3,16,-cl-std=CL1.2,256,0.02635
myGEMM.cl, 3,16,-cl-std=CL1.2,256,0.00793
   clBlas, 3,16,-cl-std=CL1.2,768,0.12337
myGEMM.cl, 3,16,-cl-std=CL1.2,768,0.21363
   clBlas, 3,16,-cl-std=CL1.2,1280,0.19371
myGEMM.cl, 3,16,-cl-std=CL1.2,1280,0.95597
   clBlas, 3,16,-cl-std=CL1.2,1792,0.19477
myGEMM.cl, 3,16,-cl-std=CL1.2,1792,2.47662
   clBlas, 3,32,-cl-std=CL1.2,256,0.02605
myGEMM.cl, 3,32,-cl-std=CL1.2,256,0.00782
   clBlas, 3,32,-cl-std=CL1.2,768,0.12404
myGEMM.cl, 3,32,-cl-std=CL1.2,768,0.18984
   clBlas, 3,32,-cl-std=CL1.2,1280,0.19361
myGEMM.cl, 3,32,-cl-std=CL1.2,1280,0.87727
   clBlas, 3,32,-cl-std=CL1.2,1792,0.19340
myGEMM.cl, 3,32,-cl-std=CL1.2,1792,2.42458
   clBlas, 4, 8,-cl-std=CL1.2,256,0.02626
myGEMM.cl, 4, 8,-cl-std=CL1.2,256,0.00784
   clBlas, 4, 8,-cl-std=CL1.2,768,0.12821
myGEMM.cl, 4, 8,-cl-std=CL1.2,768,0.20574
   clBlas, 4, 8,-cl-std=CL1.2,1280,0.19460
myGEMM.cl, 4, 8,-cl-std=CL1.2,1280,0.91792
   clBlas, 4, 8,-cl-std=CL1.2,1792,0.19525
myGEMM.cl, 4, 8,-cl-std=CL1.2,1792,2.47119
   clBlas, 4,16,-cl-std=CL1.2,256,0.02648
myGEMM.cl, 4,16,-cl-std=CL1.2,256,0.00649
   clBlas, 4,16,-cl-std=CL1.2,768,0.12624
myGEMM.cl, 4,16,-cl-std=CL1.2,768,0.15570
   clBlas, 4,16,-cl-std=CL1.2,1280,0.19850
myGEMM.cl, 4,16,-cl-std=CL1.2,1280,0.72475
   clBlas, 4,16,-cl-std=CL1.2,1792,0.19824
myGEMM.cl, 4,16,-cl-std=CL1.2,1792,1.97890
   clBlas, 4,32,-cl-std=CL1.2,256,0.02645
myGEMM.cl, 4,32,-cl-std=CL1.2,256,0.00693
   clBlas, 4,32,-cl-std=CL1.2,768,0.12707
myGEMM.cl, 4,32,-cl-std=CL1.2,768,0.16831
   clBlas, 4,32,-cl-std=CL1.2,1280,0.19846
myGEMM.cl, 4,32,-cl-std=CL1.2,1280,0.78399
   clBlas, 4,32,-cl-std=CL1.2,1792,0.21623
myGEMM.cl, 4,32,-cl-std=CL1.2,1792,2.16215
   clBlas, 5, 8,-cl-std=CL1.2,256,0.02607
myGEMM.cl, 5, 8,-cl-std=CL1.2,256,0.01783
   clBlas, 5, 8,-cl-std=CL1.2,768,0.12719
myGEMM.cl, 5, 8,-cl-std=CL1.2,768,0.44747
   clBlas, 5, 8,-cl-std=CL1.2,1280,0.19843
myGEMM.cl, 5, 8,-cl-std=CL1.2,1280,2.08549
   clBlas, 5, 8,-cl-std=CL1.2,1792,0.19556
myGEMM.cl, 5, 8,-cl-std=CL1.2,1792,5.83402
   clBlas, 5,16,-cl-std=CL1.2,256,0.02642
myGEMM.cl, 5,16,-cl-std=CL1.2,256,0.00802
   clBlas, 5,16,-cl-std=CL1.2,768,0.12321
myGEMM.cl, 5,16,-cl-std=CL1.2,768,0.18891
   clBlas, 5,16,-cl-std=CL1.2,1280,0.19270
myGEMM.cl, 5,16,-cl-std=CL1.2,1280,0.86067
   clBlas, 5,16,-cl-std=CL1.2,1792,0.19288
myGEMM.cl, 5,16,-cl-std=CL1.2,1792,2.38723
   clBlas, 5,32,-cl-std=CL1.2,256,0.02646
myGEMM.cl, 5,32,-cl-std=CL1.2,256,0.00720
   clBlas, 5,32,-cl-std=CL1.2,768,0.12612
myGEMM.cl, 5,32,-cl-std=CL1.2,768,0.15225
   clBlas, 5,32,-cl-std=CL1.2,1280,0.19921
myGEMM.cl, 5,32,-cl-std=CL1.2,1280,0.68187
   clBlas, 5,32,-cl-std=CL1.2,1792,0.19652
myGEMM.cl, 5,32,-cl-std=CL1.2,1792,1.84462
   clBlas, 6, 8,-cl-std=CL1.2,256,0.02639
myGEMM.cl, 6, 8,-cl-std=CL1.2,256,0.14329
   clBlas, 6, 8,-cl-std=CL1.2,768,0.12347
myGEMM.cl, 6, 8,-cl-std=CL1.2,768,3.90572
   clBlas, 6, 8,-cl-std=CL1.2,1280,0.19279
myGEMM.cl, 6, 8,-cl-std=CL1.2,1280,18.41149
   clBlas, 6, 8,-cl-std=CL1.2,1792,0.19344
myGEMM.cl, 6, 8,-cl-std=CL1.2,1792,48.36216
   clBlas, 6,16,-cl-std=CL1.2,256,0.02644
myGEMM.cl, 6,16,-cl-std=CL1.2,256,0.14373
   clBlas, 6,16,-cl-std=CL1.2,768,0.12557
myGEMM.cl, 6,16,-cl-std=CL1.2,768,3.85917
   clBlas, 6,16,-cl-std=CL1.2,1280,0.21532
myGEMM.cl, 6,16,-cl-std=CL1.2,1280,18.84046
   clBlas, 6,16,-cl-std=CL1.2,1792,0.19689
myGEMM.cl, 6,16,-cl-std=CL1.2,1792,47.97789
   clBlas, 6,32,-cl-std=CL1.2,256,0.02632
myGEMM.cl, 6,32,-cl-std=CL1.2,256,0.14449
   clBlas, 6,32,-cl-std=CL1.2,768,0.12561
myGEMM.cl, 6,32,-cl-std=CL1.2,768,3.87540
   clBlas, 6,32,-cl-std=CL1.2,1280,0.19692
myGEMM.cl, 6,32,-cl-std=CL1.2,1280,17.63580
   clBlas, 6,32,-cl-std=CL1.2,1792,0.19696
myGEMM.cl, 6,32,-cl-std=CL1.2,1792,48.51801
   clBlas, 7, 8,-cl-std=CL1.2,256,0.02627
myGEMM.cl, 7, 8,-cl-std=CL1.2,256,0.15978
   clBlas, 7, 8,-cl-std=CL1.2,768,0.12715
myGEMM.cl, 7, 8,-cl-std=CL1.2,768,4.44101
   clBlas, 7, 8,-cl-std=CL1.2,1280,0.19841
myGEMM.cl, 7, 8,-cl-std=CL1.2,1280,20.52599
   clBlas, 7, 8,-cl-std=CL1.2,1792,0.19445
myGEMM.cl, 7, 8,-cl-std=CL1.2,1792,58.00414
   clBlas, 7,16,-cl-std=CL1.2,256,0.02632
myGEMM.cl, 7,16,-cl-std=CL1.2,256,0.15611
   clBlas, 7,16,-cl-std=CL1.2,768,0.12614
myGEMM.cl, 7,16,-cl-std=CL1.2,768,4.23633
   clBlas, 7,16,-cl-std=CL1.2,1280,0.19569
myGEMM.cl, 7,16,-cl-std=CL1.2,1280,20.39078
   clBlas, 7,16,-cl-std=CL1.2,1792,0.19670
myGEMM.cl, 7,16,-cl-std=CL1.2,1792,56.09168
   clBlas, 7,32,-cl-std=CL1.2,256,0.02640
myGEMM.cl, 7,32,-cl-std=CL1.2,256,0.16439
   clBlas, 7,32,-cl-std=CL1.2,768,0.12544
myGEMM.cl, 7,32,-cl-std=CL1.2,768,4.37073
   clBlas, 7,32,-cl-std=CL1.2,1280,0.21147
myGEMM.cl, 7,32,-cl-std=CL1.2,1280,20.59269
   clBlas, 7,32,-cl-std=CL1.2,1792,0.19498
myGEMM.cl, 7,32,-cl-std=CL1.2,1792,55.45900
   clBlas, 3, 8,-cl-std=CL1.2,256,0.02643
myGEMM.cl, 3, 8,-cl-std=CL1.2,256,0.01165
   clBlas, 3, 8,-cl-std=CL1.2,768,0.12627
myGEMM.cl, 3, 8,-cl-std=CL1.2,768,0.29377
   clBlas, 3, 8,-cl-std=CL1.2,1280,0.19664
myGEMM.cl, 3, 8,-cl-std=CL1.2,1280,1.37086
   clBlas, 3, 8,-cl-std=CL1.2,1792,0.20562
myGEMM.cl, 3, 8,-cl-std=CL1.2,1792,3.83686
   clBlas, 3,16,-cl-std=CL1.2,256,0.02672
myGEMM.cl, 3,16,-cl-std=CL1.2,256,0.00803
   clBlas, 3,16,-cl-std=CL1.2,768,0.12832
myGEMM.cl, 3,16,-cl-std=CL1.2,768,0.21043
   clBlas, 3,16,-cl-std=CL1.2,1280,0.19854
myGEMM.cl, 3,16,-cl-std=CL1.2,1280,0.96242
   clBlas, 3,16,-cl-std=CL1.2,1792,0.19924
myGEMM.cl, 3,16,-cl-std=CL1.2,1792,2.55412
   clBlas, 3,32,-cl-std=CL1.2,256,0.02635
myGEMM.cl, 3,32,-cl-std=CL1.2,256,0.00786
   clBlas, 3,32,-cl-std=CL1.2,768,0.12720
myGEMM.cl, 3,32,-cl-std=CL1.2,768,0.18913
   clBlas, 3,32,-cl-std=CL1.2,1280,0.19814
myGEMM.cl, 3,32,-cl-std=CL1.2,1280,0.88272
   clBlas, 3,32,-cl-std=CL1.2,1792,0.19770
myGEMM.cl, 3,32,-cl-std=CL1.2,1792,2.43287
   clBlas, 4, 8,-cl-std=CL1.2,256,0.02645
myGEMM.cl, 4, 8,-cl-std=CL1.2,256,0.00801
   clBlas, 4, 8,-cl-std=CL1.2,768,0.12436
myGEMM.cl, 4, 8,-cl-std=CL1.2,768,0.20524
   clBlas, 4, 8,-cl-std=CL1.2,1280,0.19565
myGEMM.cl, 4, 8,-cl-std=CL1.2,1280,0.92000
   clBlas, 4, 8,-cl-std=CL1.2,1792,0.19458
myGEMM.cl, 4, 8,-cl-std=CL1.2,1792,2.42282
   clBlas, 4,16,-cl-std=CL1.2,256,0.02641
myGEMM.cl, 4,16,-cl-std=CL1.2,256,0.00666
   clBlas, 4,16,-cl-std=CL1.2,768,0.12384
myGEMM.cl, 4,16,-cl-std=CL1.2,768,0.15481
   clBlas, 4,16,-cl-std=CL1.2,1280,0.21668
myGEMM.cl, 4,16,-cl-std=CL1.2,1280,0.71715
   clBlas, 4,16,-cl-std=CL1.2,1792,0.19518
myGEMM.cl, 4,16,-cl-std=CL1.2,1792,1.96789
   clBlas, 4,32,-cl-std=CL1.2,256,0.02626
myGEMM.cl, 4,32,-cl-std=CL1.2,256,0.00695
   clBlas, 4,32,-cl-std=CL1.2,768,0.12451
myGEMM.cl, 4,32,-cl-std=CL1.2,768,0.16782
   clBlas, 4,32,-cl-std=CL1.2,1280,0.19623
myGEMM.cl, 4,32,-cl-std=CL1.2,1280,0.78612
   clBlas, 4,32,-cl-std=CL1.2,1792,0.19504
myGEMM.cl, 4,32,-cl-std=CL1.2,1792,2.16686
   clBlas, 5, 8,-cl-std=CL1.2,256,0.02635
myGEMM.cl, 5, 8,-cl-std=CL1.2,256,0.01782
   clBlas, 5, 8,-cl-std=CL1.2,768,0.12697
myGEMM.cl, 5, 8,-cl-std=CL1.2,768,0.45154
   clBlas, 5, 8,-cl-std=CL1.2,1280,0.20093
myGEMM.cl, 5, 8,-cl-std=CL1.2,1280,2.08621
   clBlas, 5, 8,-cl-std=CL1.2,1792,0.19764
myGEMM.cl, 5, 8,-cl-std=CL1.2,1792,5.82828
   clBlas, 5,16,-cl-std=CL1.2,256,0.02633
myGEMM.cl, 5,16,-cl-std=CL1.2,256,0.00796
   clBlas, 5,16,-cl-std=CL1.2,768,0.12634
myGEMM.cl, 5,16,-cl-std=CL1.2,768,0.18543
   clBlas, 5,16,-cl-std=CL1.2,1280,0.19808
myGEMM.cl, 5,16,-cl-std=CL1.2,1280,0.86116
   clBlas, 5,16,-cl-std=CL1.2,1792,0.19488
myGEMM.cl, 5,16,-cl-std=CL1.2,1792,2.38468
   clBlas, 5,32,-cl-std=CL1.2,256,0.02623
myGEMM.cl, 5,32,-cl-std=CL1.2,256,0.00732
   clBlas, 5,32,-cl-std=CL1.2,768,0.12304
myGEMM.cl, 5,32,-cl-std=CL1.2,768,0.15170
   clBlas, 5,32,-cl-std=CL1.2,1280,0.19577
myGEMM.cl, 5,32,-cl-std=CL1.2,1280,0.67826
   clBlas, 5,32,-cl-std=CL1.2,1792,0.19330
myGEMM.cl, 5,32,-cl-std=CL1.2,1792,1.85046
   clBlas, 6, 8,-cl-std=CL1.2,256,0.02642
myGEMM.cl, 6, 8,-cl-std=CL1.2,256,0.14664
   clBlas, 6, 8,-cl-std=CL1.2,768,0.12712
myGEMM.cl, 6, 8,-cl-std=CL1.2,768,3.98242
   clBlas, 6, 8,-cl-std=CL1.2,1280,0.19573
myGEMM.cl, 6, 8,-cl-std=CL1.2,1280,18.39354
   clBlas, 6, 8,-cl-std=CL1.2,1792,0.19330
myGEMM.cl, 6, 8,-cl-std=CL1.2,1792,50.77501
   clBlas, 6,16,-cl-std=CL1.2,256,0.02642
myGEMM.cl, 6,16,-cl-std=CL1.2,256,0.14484
   clBlas, 6,16,-cl-std=CL1.2,768,0.12600
myGEMM.cl, 6,16,-cl-std=CL1.2,768,3.75185
   clBlas, 6,16,-cl-std=CL1.2,1280,0.19681
myGEMM.cl, 6,16,-cl-std=CL1.2,1280,17.94005
   clBlas, 6,16,-cl-std=CL1.2,1792,0.19665
myGEMM.cl, 6,16,-cl-std=CL1.2,1792,49.28228
   clBlas, 6,32,-cl-std=CL1.2,256,0.02626
myGEMM.cl, 6,32,-cl-std=CL1.2,256,0.14444
   clBlas, 6,32,-cl-std=CL1.2,768,0.14781
myGEMM.cl, 6,32,-cl-std=CL1.2,768,3.95446
   clBlas, 6,32,-cl-std=CL1.2,1280,0.19732
myGEMM.cl, 6,32,-cl-std=CL1.2,1280,17.47992
   clBlas, 6,32,-cl-std=CL1.2,1792,0.19416
myGEMM.cl, 6,32,-cl-std=CL1.2,1792,49.05071
   clBlas, 7, 8,-cl-std=CL1.2,256,0.02633
myGEMM.cl, 7, 8,-cl-std=CL1.2,256,0.16305
   clBlas, 7, 8,-cl-std=CL1.2,768,0.12428
myGEMM.cl, 7, 8,-cl-std=CL1.2,768,4.39230
   clBlas, 7, 8,-cl-std=CL1.2,1280,0.19449
myGEMM.cl, 7, 8,-cl-std=CL1.2,1280,20.48741
   clBlas, 7, 8,-cl-std=CL1.2,1792,0.19502
myGEMM.cl, 7, 8,-cl-std=CL1.2,1792,53.56440
   clBlas, 7,16,-cl-std=CL1.2,256,0.02625
myGEMM.cl, 7,16,-cl-std=CL1.2,256,0.16556
   clBlas, 7,16,-cl-std=CL1.2,768,0.12516
myGEMM.cl, 7,16,-cl-std=CL1.2,768,4.29562
   clBlas, 7,16,-cl-std=CL1.2,1280,0.19811
myGEMM.cl, 7,16,-cl-std=CL1.2,1280,20.25514
   clBlas, 7,16,-cl-std=CL1.2,1792,0.19876
myGEMM.cl, 7,16,-cl-std=CL1.2,1792,54.37529
   clBlas, 7,32,-cl-std=CL1.2,256,0.02632
myGEMM.cl, 7,32,-cl-std=CL1.2,256,0.15529
   clBlas, 7,32,-cl-std=CL1.2,768,0.12280
myGEMM.cl, 7,32,-cl-std=CL1.2,768,4.38105
   clBlas, 7,32,-cl-std=CL1.2,1280,0.19478
myGEMM.cl, 7,32,-cl-std=CL1.2,1280,19.92830
   clBlas, 7,32,-cl-std=CL1.2,1792,0.19259
myGEMM.cl, 7,32,-cl-std=CL1.2,1792,56.87985
   clBlas, 3, 8,-cl-std=CL1.2,256,0.02638
myGEMM.cl, 3, 8,-cl-std=CL1.2,256,0.01157
   clBlas, 3, 8,-cl-std=CL1.2,768,0.12483
myGEMM.cl, 3, 8,-cl-std=CL1.2,768,0.29340
   clBlas, 3, 8,-cl-std=CL1.2,1280,0.19506
myGEMM.cl, 3, 8,-cl-std=CL1.2,1280,1.36972
   clBlas, 3, 8,-cl-std=CL1.2,1792,0.19407
myGEMM.cl, 3, 8,-cl-std=CL1.2,1792,3.86774
   clBlas, 3,16,-cl-std=CL1.2,256,0.02641
myGEMM.cl, 3,16,-cl-std=CL1.2,256,0.00769
   clBlas, 3,16,-cl-std=CL1.2,768,0.13031
myGEMM.cl, 3,16,-cl-std=CL1.2,768,0.20967
   clBlas, 3,16,-cl-std=CL1.2,1280,0.19836
myGEMM.cl, 3,16,-cl-std=CL1.2,1280,0.95629
   clBlas, 3,16,-cl-std=CL1.2,1792,0.19259
myGEMM.cl, 3,16,-cl-std=CL1.2,1792,2.46299
   clBlas, 3,32,-cl-std=CL1.2,256,0.02624
myGEMM.cl, 3,32,-cl-std=CL1.2,256,0.00785
   clBlas, 3,32,-cl-std=CL1.2,768,0.12418
myGEMM.cl, 3,32,-cl-std=CL1.2,768,0.18872
   clBlas, 3,32,-cl-std=CL1.2,1280,0.19475
myGEMM.cl, 3,32,-cl-std=CL1.2,1280,0.88135
   clBlas, 3,32,-cl-std=CL1.2,1792,0.20033
myGEMM.cl, 3,32,-cl-std=CL1.2,1792,2.42511
   clBlas, 4, 8,-cl-std=CL1.2,256,0.02643
myGEMM.cl, 4, 8,-cl-std=CL1.2,256,0.00786
   clBlas, 4, 8,-cl-std=CL1.2,768,0.12655
myGEMM.cl, 4, 8,-cl-std=CL1.2,768,0.20402
   clBlas, 4, 8,-cl-std=CL1.2,1280,0.21721
myGEMM.cl, 4, 8,-cl-std=CL1.2,1280,0.92676
   clBlas, 4, 8,-cl-std=CL1.2,1792,0.19915
myGEMM.cl, 4, 8,-cl-std=CL1.2,1792,2.46604
   clBlas, 4,16,-cl-std=CL1.2,256,0.02633
myGEMM.cl, 4,16,-cl-std=CL1.2,256,0.00655
   clBlas, 4,16,-cl-std=CL1.2,768,0.12409
myGEMM.cl, 4,16,-cl-std=CL1.2,768,0.15767
   clBlas, 4,16,-cl-std=CL1.2,1280,0.19577
myGEMM.cl, 4,16,-cl-std=CL1.2,1280,0.72012
   clBlas, 4,16,-cl-std=CL1.2,1792,0.19523
myGEMM.cl, 4,16,-cl-std=CL1.2,1792,1.97224
   clBlas, 4,32,-cl-std=CL1.2,256,0.02631
myGEMM.cl, 4,32,-cl-std=CL1.2,256,0.00700
   clBlas, 4,32,-cl-std=CL1.2,768,0.13030
myGEMM.cl, 4,32,-cl-std=CL1.2,768,0.16803
   clBlas, 4,32,-cl-std=CL1.2,1280,0.19603
myGEMM.cl, 4,32,-cl-std=CL1.2,1280,0.78453
   clBlas, 4,32,-cl-std=CL1.2,1792,0.19582
myGEMM.cl, 4,32,-cl-std=CL1.2,1792,2.15969
   clBlas, 5, 8,-cl-std=CL1.2,256,0.02664
myGEMM.cl, 5, 8,-cl-std=CL1.2,256,0.01819
   clBlas, 5, 8,-cl-std=CL1.2,768,0.12233
myGEMM.cl, 5, 8,-cl-std=CL1.2,768,0.44694
   clBlas, 5, 8,-cl-std=CL1.2,1280,0.19270
myGEMM.cl, 5, 8,-cl-std=CL1.2,1280,2.09542
   clBlas, 5, 8,-cl-std=CL1.2,1792,0.19387
myGEMM.cl, 5, 8,-cl-std=CL1.2,1792,5.82781
   clBlas, 5,16,-cl-std=CL1.2,256,0.02628
myGEMM.cl, 5,16,-cl-std=CL1.2,256,0.00798
   clBlas, 5,16,-cl-std=CL1.2,768,0.12728
myGEMM.cl, 5,16,-cl-std=CL1.2,768,0.18556
   clBlas, 5,16,-cl-std=CL1.2,1280,0.19543
myGEMM.cl, 5,16,-cl-std=CL1.2,1280,0.86092
   clBlas, 5,16,-cl-std=CL1.2,1792,0.19556
myGEMM.cl, 5,16,-cl-std=CL1.2,1792,2.39049
   clBlas, 5,32,-cl-std=CL1.2,256,0.02634
myGEMM.cl, 5,32,-cl-std=CL1.2,256,0.00735
   clBlas, 5,32,-cl-std=CL1.2,768,0.12379
myGEMM.cl, 5,32,-cl-std=CL1.2,768,0.15234
   clBlas, 5,32,-cl-std=CL1.2,1280,0.19198
myGEMM.cl, 5,32,-cl-std=CL1.2,1280,0.67737
   clBlas, 5,32,-cl-std=CL1.2,1792,0.19312
myGEMM.cl, 5,32,-cl-std=CL1.2,1792,1.84289
   clBlas, 6, 8,-cl-std=CL1.2,256,0.02642
myGEMM.cl, 6, 8,-cl-std=CL1.2,256,0.14635
   clBlas, 6, 8,-cl-std=CL1.2,768,0.12397
myGEMM.cl, 6, 8,-cl-std=CL1.2,768,3.86797
   clBlas, 6, 8,-cl-std=CL1.2,1280,0.19261
myGEMM.cl, 6, 8,-cl-std=CL1.2,1280,18.61795
   clBlas, 6, 8,-cl-std=CL1.2,1792,0.19654
myGEMM.cl, 6, 8,-cl-std=CL1.2,1792,48.96306
   clBlas, 6,16,-cl-std=CL1.2,256,0.02627
myGEMM.cl, 6,16,-cl-std=CL1.2,256,0.14478
   clBlas, 6,16,-cl-std=CL1.2,768,0.12453
myGEMM.cl, 6,16,-cl-std=CL1.2,768,3.91332
   clBlas, 6,16,-cl-std=CL1.2,1280,0.19417
myGEMM.cl, 6,16,-cl-std=CL1.2,1280,18.10925
   clBlas, 6,16,-cl-std=CL1.2,1792,0.19482
myGEMM.cl, 6,16,-cl-std=CL1.2,1792,49.30704
   clBlas, 6,32,-cl-std=CL1.2,256,0.02667
myGEMM.cl, 6,32,-cl-std=CL1.2,256,0.14892
   clBlas, 6,32,-cl-std=CL1.2,768,0.12552
myGEMM.cl, 6,32,-cl-std=CL1.2,768,3.79925
   clBlas, 6,32,-cl-std=CL1.2,1280,0.19464
myGEMM.cl, 6,32,-cl-std=CL1.2,1280,18.19336
   clBlas, 6,32,-cl-std=CL1.2,1792,0.19313
myGEMM.cl, 6,32,-cl-std=CL1.2,1792,47.38942
   clBlas, 7, 8,-cl-std=CL1.2,256,0.02644
myGEMM.cl, 7, 8,-cl-std=CL1.2,256,0.16274
   clBlas, 7, 8,-cl-std=CL1.2,768,0.12607
myGEMM.cl, 7, 8,-cl-std=CL1.2,768,4.35031
   clBlas, 7, 8,-cl-std=CL1.2,1280,0.19839
myGEMM.cl, 7, 8,-cl-std=CL1.2,1280,20.65845
   clBlas, 7, 8,-cl-std=CL1.2,1792,0.19803
myGEMM.cl, 7, 8,-cl-std=CL1.2,1792,53.92019
   clBlas, 7,16,-cl-std=CL1.2,256,0.02622
myGEMM.cl, 7,16,-cl-std=CL1.2,256,0.16558
   clBlas, 7,16,-cl-std=CL1.2,768,0.12671
myGEMM.cl, 7,16,-cl-std=CL1.2,768,4.35943
   clBlas, 7,16,-cl-std=CL1.2,1280,0.19380
myGEMM.cl, 7,16,-cl-std=CL1.2,1280,19.67908
   clBlas, 7,16,-cl-std=CL1.2,1792,0.19433
myGEMM.cl, 7,16,-cl-std=CL1.2,1792,55.71548
   clBlas, 7,32,-cl-std=CL1.2,256,0.02624
myGEMM.cl, 7,32,-cl-std=CL1.2,256,0.16056
   clBlas, 7,32,-cl-std=CL1.2,768,0.12826
myGEMM.cl, 7,32,-cl-std=CL1.2,768,4.23725
   clBlas, 7,32,-cl-std=CL1.2,1280,0.19627
myGEMM.cl, 7,32,-cl-std=CL1.2,1280,19.20523
   clBlas, 7,32,-cl-std=CL1.2,1792,0.19705
myGEMM.cl, 7,32,-cl-std=CL1.2,1792,53.09883
